:10000000F0C100000C9448740C941D740C94F273AD
:100010000C94C7730C949C730C9471730C9446737A
:100020000C941B730C94422F0DC200000BC20000F5
:1000300009C200000C94AB6F05C2000003C20000AF
:1000400001C20000FFC10000FDC10000FBC10000B3
:10005000F9C10000F7C10000F5C100000C9413794C
:10006000F1C100000C94FA740C94D174EBC100003F
:10007000E9C10000E7C10000E5C10000E3C10000E4
:10008000E1C10000DFC10000DDC10000DBC10000F4
:10009000D9C10000D7C10000D5C100000C947A6E10
:1000A000D1C10000CFC10000CDC10000CBC1000014
:1000B000C9C10000C7C10000C5C10000C3C1000024
:1000C000C1C10000BFC10000BDC10000BBC1000034
:1000D000B9C10000B7C10000B5C10000B3C1000044
:1000E000B1C100002477277716771A7720775E77DB
:1000F0002B772F77357739773D77437747774B776E
:100100005E77517755775977084AD73B3BCE016EDA
:1001100084BCBFFDC12F3D6C74319ABD56833DDA5E
:100120003D00C77F11BED9E4BB4C3E916BAAAABE6D
:10013000000000803F05A84CCDB2D44EB93836A996
:10014000020C50B9918688083CA6AAAA2ABE0000D3
:1001500000803F0664EC1B3C04BC163E3BE5B93C0A
:10016000C93C37C29E5A3D660498083EEA69AAAA6D
:100170003E000000803F00407A10F35A00A0724E0B
:1001800018090010A5D4E80000E87648170000E43C
:100190000B54020000CA9A3B000000E1F505000084
:1001A00080969800000040420F000000A0860100E9
:1001B0000000102700000000E803000000006400B9
:1001C000000000000A000000000001000000000024
:1001D0002C76D888DC674F0823DFC1DFAE59E1B148
:1001E000B796E5E3E453C63AE651997696E8E6C257
:1001F0008426EB898C9B62ED407C6FFCEFBC9C9F5E
:1002000040F2BAA56FA5F490055A2AF75C936B6C7F
:10021000F9676DC11BFCE0E40D47FEF520E6B50073
:10022000D0ED902E0300943577050080841E0800E1
:1002300000204E0A000000C80C333333330F986E91
:1002400012831141EF8D2114893BE65516CFFEE64E
:10025000DB18D1844B381BF77C1D901DA4BBE42414
:10026000203284725E228100C9F124ECA1E53D2791
:100270000001040505030304050604050607010043
:10028000010003020100000102030405060707063E
:10029000050403020100070201000706050403022A
:1002A000010003020100000102030405060700012A
:1002B00002030405060702030405060607000021E1
:1002C00000240027002A002D003000330001010027
:1002D00000040107010A0100002200250028002B6C
:1002E000002E003100340002010000050108010B5E
:1002F00001000020002300260029002C002F0032DE
:1003000000000100000301060109010505050507BC
:100310000508080808020202020A0A080804040480
:1003200004010101010101010103030303030303AC
:1003300003040707070C0C0C0C0C0C0C0C0202023B
:100340000206060606060606060B0B0B0B0B0B0B2E
:100350000B010210202008081020401020408002CD
:1003600001020108040201010204081020408080FB
:10037000402010080402018004020180402010087F
:100380000402010804020101020408102040800157
:100390000204081020408000000A0B02090C0D0E18
:1003A0000807030401000000000000000000000036
:1003B000000000000000000000000000000000003D
:1003C00000000012111000000000000000000000FA
:1003D0000000000000000000000000000000E893A2
:1003E000D49311241FBECFEFD1E2DEBFCDBF00E01A
:1003F0000CBF11E1A0E0B2E0E8EAFAE301E00BBFD4
:1004000002C007900D92A230B107D9F727E1A2E010
:10041000B1E101C01D92A73EB207E1F711E0C0EFC4
:10042000D1E000E006C021970109802FFE010E9463
:10043000269BCF3ED10780E00807A9F70E945D798F
:100440000C94439DDDCD2F923F924F925F926F921D
:100450007F928F929F92AF92BF92CF92DF92EF9254
:10046000FF920F931F93CF93DF9300D01F92CDB7CE
:10047000DEB78091F0119091F111892B61F562E066
:1004800080E00E94767565E579E08BE397E10E9454
:10049000D07463E080E00E9476758091EE119091B7
:1004A000EF11892B31F46AE679E08BE397E10E9442
:1004B000D0748091EE119091EF11019731F46FE7B4
:1004C00079E08BE397E10E94D07481E090E0909313
:1004D000F1118093F0118091F0119091F111019739
:1004E00011F40E94CB2F8091F0119091F11102979D
:1004F00061F562E080E00E94767564E979E08BE363
:1005000097E10E94D07463E080E00E94767580914C
:10051000EC119091ED11892B31F469EA79E08BE3CC
:1005200097E10E94D0748091EC119091ED110197A8
:1005300031F46EEB79E08BE397E10E94D07483E0B5
:1005400090E09093F1118093F0118091F0119091CF
:10055000F111039711F40E94CB2F8091F01190912B
:10056000F1110497E1F58091EC119091ED11009754
:1005700029F480E090E0A0EAB0E406C0019761F4BD
:1005800083E393E3ABE4BFE380932C0290932D02CB
:10059000A0932E02B0932F0262E080E00E94767555
:1005A00063ED79E08BE397E10E94D07463E080E033
:1005B0000E9476758091EC119091ED11892B19F4C0
:1005C00068EE79E002C06DEF79E08BE397E10E947D
:1005D000D07485E090E09093F1118093F0118091B8
:1005E000F0119091F111059709F0A6C02091EC113E
:1005F0003091ED1160912C0270912D0280912E02AC
:1006000090912F02232B21F49B01AC010E94F198C1
:1006100060938C1470938D1480938E1490938F1428
:1006200063E08EE00E947675C0904202D090430253
:10063000E0904402F090450220E030E040E85FE3C3
:10064000C701B6010E947A97811128C0C0908C140E
:10065000D0908D14E0908E14F0908F1420E030E054
:1006600040E251E4C701B6010E94779A87FD05C0B8
:1006700043E050E0C701B6011FC06FE776E08BE3AF
:1006800097E10E94D07460918C1470918D148091C8
:100690008E1490918F1443E050E00EC0A701960194
:1006A00060918C1470918D1480918E1490918F14A0
:1006B0000E94809944E050E00E94D175C0902C02C5
:1006C000D0902D02E0902E02F0902F0220E030E03A
:1006D00048EC53E4C701B6010E94DF9720E030E008
:1006E00040E05FE30E94F1980E94E8996093E8116E
:1006F0007093E9118093EA119093EB1120E030E0C0
:1007000040E253E4C701B6010E94DF9720E030E0E9
:1007100040E05FE30E94F1980E94E8996093E41141
:100720007093E5118093E6119093E71186E090E0D5
:100730009093F1118093F0118091F0119091F1114B
:10074000069711F40E94CB2F8091F0119091F11136
:100750000797D1F462E080E00E94767562E17AE06A
:100760008BE397E10E94D07463E080E00E9476758D
:1007700067E27AE08BE397E10E94D07488E090E032
:100780009093F1118093F0118091F0119091F111FB
:10079000089709F07CC063E08DE00E947675809038
:1007A000420290904302A0904402B090450220E0A3
:1007B00030E040E85FE3C501B4010E947A97C09041
:1007C0002802D0902902E0902A02F0902B02811199
:1007D0002DC020E030E048EC52E4C701B6010E9491
:1007E000779A87FD05C043E050E0C701B60147C0D6
:1007F00024EF3DEF4FE151E4C701B6010E94779A23
:1008000087FD03C06FE776E002C06EE776E08BE31A
:1008100097E10E94D0746091280270912902809122
:100820002A0290912B0243E050E029C020E030E002
:1008300040E251E4C701B6010E94779A87FD05C0E6
:10084000A5019401C701B60116C06FE776E08BE3FE
:1008500097E10E94D074209142023091430240916E
:1008600044025091450260912802709129028091C2
:100870002A0290912B020E94809944E050E00E944D
:10088000D17589E090E09093F1118093F0118091FF
:10089000F0119091F111099721F40E94CB2F0E9441
:1008A000FA5A8091F0119091F1110A97B1F5609187
:1008B000FF137091001480910114909102140E9412
:1008C00080976B017C0120E030E040E05FE36091C5
:1008D00028027091290280912A0290912B020E9495
:1008E000DF9720E030E048EC53E40E94DF979B0163
:1008F000AC01C701B6010E94F0980E94E89960938C
:10090000DC117093DD118093DE119093DF118BE089
:1009100090E09093F1118093F0118091F0119091FB
:10092000F1110B97D1F462E080E00E9476756CE3E0
:100930007AE08BE397E10E94D07463E080E00E944C
:10094000767561E57AE08BE397E10E94D0748CE0E4
:1009500090E09093F1118093F0118091F0119091BB
:10096000F1110C9711F40E94CB2F8091F01190910E
:10097000F1110D97B1F48091EF139091F013A091C4
:10098000F113B091F2138093D8119093D911A093E1
:10099000DA11B093DB118EE090E09093F111809327
:1009A000F0118091F0119091F1110E97D1F462E065
:1009B00080E00E94767566E67AE08BE397E10E941C
:1009C000D07463E080E00E9476756BE77AE08BE399
:1009D00097E10E94D0748FE090E09093F1118093A2
:1009E000F0118091F0119091F1110F9711F40E9484
:1009F000CB2F8091F0119091F1114097B1F480913B
:100A0000FF1390910014A0910114B09102148093EF
:100A1000D4119093D511A093D611B093D71181E141
:100A200090E09093F1118093F0118091F0119091EA
:100A3000F1114197D1F462E080E00E94767560E99F
:100A40007AE08BE397E10E94D07463E080E00E943B
:100A5000767565EA7AE08BE397E10E94D07482E1D3
:100A600090E09093F1118093F0118091F0119091AA
:100A7000F111429709F0B3C00091EF131091F013F8
:100A80002091F1133091F2130093D0111093D111F2
:100A90002093D2113093D3118091D8119091D91114
:100AA000A091DA11B091DB11801B910BA20BB30B5B
:100AB000B7FF07C0B095A095909581959F4FAF4F18
:100AC000BF4F4091EE115091EF11092E000CAA0B6F
:100AD000BB0B0091E4111091E5112091E6113091CA
:100AE000E711BC01CD01452B29F4600F711F821F56
:100AF000931F04C0601B710B820B930B0E948097A5
:100B00002DEC3CEC4CEC5BE30E94DF976093C01152
:100B10007093C1118093C2119093C31163E08EE072
:100B20000E9476758090420290904302A090440209
:100B3000B090450220E030E040E85FE3C501B40139
:100B40000E947A97C090C011D090C111E090C2115C
:100B5000F090C31120E030E0A901811127C0C70146
:100B6000B6010E947A9787FF03C042E050E00CC0B4
:100B700020E030E040E251E4C701B6010E94779ADC
:100B800087FD05C043E050E0C701B60124C06FE710
:100B900076E08BE397E10E94D0746091C011709170
:100BA000C1118091C2119091C3110CC0C701B6014F
:100BB0000E947A97A501940187FF07C0C701B6017B
:100BC0000E94809943E050E006C0C701B6010E9430
:100BD000809944E050E00E94D1750E94CB2F809113
:100BE000F0119091F111439709F053C10091EE116A
:100BF0001091EF111A830983C090D811D090D911A8
:100C0000E090DA11F090DB11012B09F04EC08091D9
:100C1000D0119091D111A091D211B091D311A7010F
:100C20009601281B390B4A0B5B0BCA01B90157FF10
:100C300007C090958095709561957F4F8F4F9F4F1E
:100C40000E9480974B015C016091091770910A170F
:100C500080910B1790910C170E9480979B01AC011B
:100C60000E94F1989B01AC01C501B4010E947A97E2
:100C700087FFB1C063E080E00E9476756AEB7AE09E
:100C80008BE397E10E94D07463E089E00E9476755F
:100C90006091091770910A1780910B1790910C17AA
:100CA0000E9480979B01AC0177C009811A810130B5
:100CB000110509F090C08091D0119091D111A091AF
:100CC000D211B091D311A7019601281B390B4A0B01
:100CD0005B0BCA01B90157FF07C0909580957095CD
:100CE00061957F4F8F4F9F4F0E9480974B015C0112
:100CF0006091091770910A1780910B1790910C174A
:100D00000E9480979B01AC010E94F1982B013C014D
:100D10006091E4117091E5118091E6119091E711D5
:100D20000E9480979B01AC01C301B2010E94F1981F
:100D30009B01AC01C501B4010E947A9787FF4BC0AB
:100D400063E080E00E9476756AEB7AE08BE397E1DE
:100D50000E94D07463E089E00E9476756091091763
:100D600070910A1780910B1790910C170E94809731
:100D70009B01AC010E94F1986B017C016091E41130
:100D80007091E5118091E6119091E7110E94809792
:100D90009B01AC01C701B6010E94F1982DEC3CEC1F
:100DA0004CEC5BE30E94DF972091420230914302BA
:100DB00040914402509145020E94809943E050E0E6
:100DC0000E94D17560ED77E080E090E00E94CF78DE
:100DD00081E190E05AC08090EF139090F013A090C2
:100DE000F113B090F2138092D0119092D111A09291
:100DF000D211B092D311C701B601681979098A09D5
:100E00009B0997FF07C090958095709561957F4FDE
:100E10008F4F9F4F6093C8117093C9118093CA116F
:100E20009093CB110E94809720E030E040E250E4A4
:100E30000E94DF970E94E8996093C4117093C511D6
:100E40008093C6119093C7118C149D04AE04BF0407
:100E50002CF409811A81012B59F00FC0C814D90450
:100E6000EA04FB0454F409811A810130110529F4C4
:100E70001092A9111092A81106C081E090E0909301
:100E8000A9118093A81185E190E09093F1118093CE
:100E9000F0118091F0119091F111459709F051C036
:100EA00062E080E00E9476758091EE119091EF11E2
:100EB000892B19F46FEC7AE002C064EE7AE08BE3E0
:100EC00097E10E94D07463E080E00E94767569EF3C
:100ED0007AE08BE397E10E94D0742091EE1130917B
:100EE000EF118091D4119091D511A091D611B091AC
:100EF000D711232BC1F40091E8111091E911209131
:100F0000EA113091EB114091C4115091C5116091DB
:100F1000C6117091C711400F511F621F731F841BB0
:100F2000950BA60BB70B8093BC119093BD11A093AA
:100F3000BE11B093BF1186E190E09093F1118093C0
:100F4000F0118091F0119091F111469709F0C8C00D
:100F50008090DC119090DD11A090DE11B090DF1137
:100F6000C090BC11D090BD11E090BE11F090BF11A7
:100F7000C501B4016C197D098E099F0997FF07C04F
:100F800090958095709561957F4F8F4F9F4F0E94F0
:100F900080972AE037ED43E25BE30E94DF979B01F5
:100FA000AC010E94F1986093B8117093B9118093CD
:100FB000BA119093BB11C814D904EA04FB0454F489
:100FC00063E08AE00E9476756FEA76E08BE397E152
:100FD0000E94D07463E08BE00E947675C09042025C
:100FE000D0904302E0904402F090450220E030E0CF
:100FF00040E85FE3C701B6010E947A97811133C0D0
:10100000C090B811D090B911E090BA11F090BB1116
:1010100020E030E048EC52E4C701B6010E94779A24
:1010200087FD03C043E050E036C024EF3DEF4FE1C1
:1010300051E4C701B6010E94779A87FD03C06FE7AC
:1010400076E002C06EE776E08BE397E10E94D07411
:101050006091B8117091B9118091BA119091BB1142
:1010600043E050E035C0A70196016091B81170913E
:10107000B9118091BA119091BB110E9480996B01B6
:101080007C0120E030E040E251E40E94779A87FD45
:1010900005C044E050E0C701B6011AC06FE776E032
:1010A0008BE397E10E94D074209142023091430279
:1010B00040914402509145026091B8117091B9116C
:1010C0008091BA119091BB110E94809944E050E048
:1010D0000E94D17587E190E09093F1118093F01117
:1010E0008091F0119091F111479711F40E94CB2F4C
:1010F0008091F0119091F111489709F088C080918A
:10110000EE119091EF11009709F03FC04091BC1192
:101110005091BD116091BE117091BF118091C411A9
:101120009091C511A091C611B091C711480F591FD8
:101130006A1F7B1F4093CC115093CD116093CE1149
:101140007093CF118091E8119091E911A091EA116B
:10115000B091EB110091D4111091D5112091D611BD
:101160003091D711081B190B2A0B3B0B09501109A1
:101170002109310940175107620773070CF441C078
:10118000840F951FA61FB71F31C00197D1F580911D
:10119000BC119091BD11A091BE11B091BF114091B1
:1011A000C4115091C5116091C6117091C7118C0185
:1011B0009D01041B150B260B370B0093CC111093CC
:1011C000CD112093CE113093CF114091D411509175
:1011D000D5116091D6117091D7114950510961090B
:1011E000710984179507A607B7075CF00A96A11D39
:1011F000B11D8093D4119093D511A093D611B093C3
:10120000D71189E190E09093F1118093F0118091D2
:10121000F0119091F1114997F1F41092B7111092D9
:10122000B61162E080E00E9476756EE07BE08BE3B1
:1012300097E10E94D07463E080E00E94767563E2DB
:101240007BE08BE397E10E94D0748AE190E0909379
:10125000F1118093F0118091F0119091F1114A9762
:1012600009F0BBC06091B6117091B711072E000C48
:10127000880B990B0E9480972DEC3CEC4CEC5BE3C7
:101280000E94DF976093B2117093B3118093B411F1
:101290009093B51163E08DE00E94767580904202D4
:1012A00090904302A0904402B090450220E030E0CC
:1012B00040E85FE3C501B4010E947A97C090B21183
:1012C000D090B311E090B411F090B51181114BC0E2
:1012D00020E030E048EC52E4C701B6010E94779A62
:1012E00087FD05C043E050E0C701B6016EC020E0B5
:1012F00030E040E251E4C701B6010E94779A87FDD1
:1013000011C06FE776E08BE397E10E94D0746091A3
:10131000B2117091B3118091B4119091B51142E066
:1013200050E053C020E030E0A901C701B6010E949F
:101330007A97811107C068E37BE08BE397E10E9415
:10134000D07445C06EE776E08BE397E10E94D074DD
:101350006091B2117091B3118091B4119091B51157
:1013600043E050E032C020E030E040E251E4C70109
:10137000B6010E94779A87FD05C0A5019401C701B7
:10138000B6011FC020E030E0A901C701B6010E94EC
:101390007A97882381F26FE776E08BE397E10E94EA
:1013A000D074209142023091430240914402509106
:1013B00045026091B2117091B3118091B411909176
:1013C000B5110E94809944E050E00E94D1758BE1F4
:1013D00090E09093F1118093F0118091F011909131
:1013E000F1114B9711F40E94CB2F8091F011909145
:1013F000F1114C9709F061C02091A8113091A91109
:101400004091D0115091D1116091D2117091D311AE
:101410008091B6119091B7112115310539F42091C1
:10142000EE113091EF11232B59F01CC02130310502
:10143000C9F42091EE113091EF112130310591F472
:10144000092E000CAA0BBB0B8A019B01081B190B70
:101450002A0B3B0BD901C80189F44150510961099C
:10146000710919C0092E000CAA0BBB0B840F951F24
:10147000A61FB71F0097A105B10549F08093AE11D3
:101480009093AF11A093B011B093B1110CC04F5F06
:101490005F4F6F4F7F4F4093AE115093AF116093EA
:1014A000B0117093B1111092B7111092B6118DE175
:1014B00090E09093F1118093F0118091F011909150
:1014C000F1114D97F1F41092B7111092B61162E03C
:1014D00080E00E94767560E47BE08BE397E10E94F8
:1014E000D07463E080E00E94767565E57BE08BE375
:1014F00097E10E94D0748EE190E09093F111809377
:10150000F0118091F0119091F1114E9709F0BBC04C
:101510006091B6117091B711072E000C880B990BD2
:101520000E9480972AE037ED43E25BE30E94DF9759
:101530006093B2117093B3118093B4119093B5116D
:1015400063E08DE00E9476758090420290904302A5
:10155000A0904402B090450220E030E040E85FE314
:10156000C501B4010E947A97C090B211D090B31116
:10157000E090B411F090B51181114BC020E030E043
:1015800048EC52E4C701B6010E94779A87FD05C076
:1015900043E050E0C701B6016EC020E030E040E219
:1015A00051E4C701B6010E94779A87FD11C06FE729
:1015B00076E08BE397E10E94D0746091B211709154
:1015C000B3118091B4119091B51142E050E053C035
:1015D00020E030E0A901C701B6010E947A9781118D
:1015E00007C068E37BE08BE397E10E94D07445C0BD
:1015F0006EE776E08BE397E10E94D0746091B211C0
:101600007091B3118091B4119091B51143E050E005
:1016100032C020E030E040E251E4C701B6010E9450
:10162000779A87FD05C0A5019401C701B6011FC0C7
:1016300020E030E0A901C701B6010E947A97882313
:1016400081F26FE776E08BE397E10E94D0742091FE
:101650004202309143024091440250914502609110
:10166000B2117091B3118091B4119091B5110E9493
:10167000809944E050E00E94D1758FE190E0909312
:10168000F1118093F0118091F0119091F1114F9729
:1016900011F40E94CB2F8091F0119091F11180975D
:1016A00009F057C08091EE119091EF11009769F504
:1016B0004091B6115091B711052E000C660B770BB7
:1016C0008091CC119091CD11A091CE11B091CF11FC
:1016D000480F591F6A1F7B1F4093AA115093AB11EB
:1016E0006093AC117093AD118091D4119091D5118C
:1016F000A091D611B091D71184179507A607B70707
:1017000014F10196A11DB11D16C00197E1F440919D
:10171000B6115091B711052E000C660B770B809116
:10172000CC119091CD11A091CE11B091CF11841B0D
:10173000950BA60BB70B8093AA119093AB11A093B6
:10174000AC11B093AD1181E290E09093F1118093D0
:10175000F0118091F0119091F1118197B1F5809184
:10176000EE119091EF118130910509F58091B6113C
:101770009091B711892BE9F462E080E00E947675C0
:101780006AE67BE08BE397E10E94D07463E080E03F
:101790000E9476756FE77BE08BE397E10E94D0743F
:1017A0001092B7111092B61182E290E00AC0892B14
:1017B00031F08091B6119091B711892B31F086E20A
:1017C00090E09093F1118093F0118091F01190913D
:1017D000F111829709F0E6C063E08CE00E94767513
:1017E0006FE776E08BE397E10E94D0748091CC1193
:1017F0009091CD11A091CE11B091CF110091DC113B
:101800001091DD112091DE113091DF11AC01BD018D
:10181000401B510B620B730B8091B6119091B71165
:10182000092E000CAA0BBB0B8A019B01080F191F84
:101830002A1F3B1FC901B8010E9480972AE037ED9B
:1018400043E25BE30E94DF979B01AC010E94F198A9
:101850006093B2117093B3118093B4119093B5114A
:1018600063E08DE00E947675809042029090430282
:10187000A0904402B090450220E030E040E85FE3F1
:10188000C501B4010E947A972091B6113091B71129
:1018900081114CC0232B39F468E37BE08BE397E1A3
:1018A0000E94D07479C0C090B211D090B311E09072
:1018B000B411F090B51120E030E048EC52E4C701DB
:1018C000B6010E94779A87FD05C043E050E0C7014A
:1018D000B60160C020E030E040E251E4C701B6014B
:1018E0000E94779A87FD11C06FE776E08BE397E15E
:1018F0000E94D0746091B2117091B3118091B411B3
:101900009091B51142E050E045C06EE776E08BE380
:1019100097E10E94D0746091B2117091B3118091DF
:10192000B4119091B51143E050E034C0232B09F479
:10193000B3CFC090B211D090B311E090B411F09039
:10194000B51120E030E040E251E4C701B6010E9449
:10195000779A87FD05C0A5019401C701B60116C09D
:101960006FE776E08BE397E10E94D074209142020A
:101970003091430240914402509145026091B2116E
:101980007091B3118091B4119091B5110E9480991A
:1019900044E050E00E94D17583E290E09093F11111
:1019A0008093F0118091F0119091F111839711F4CF
:1019B0000E94CB2F8091F0119091F111849729F51D
:1019C0008091B6119091B71118161906C4F4092E1A
:1019D000000CAA0BBB0B4091CC115091CD11609122
:1019E000CE117091CF11840F951FA61FB71F809342
:1019F000AA119093AB11A093AC11B093AD1186E2F4
:101A000090E09093F1118093F0118091F0119091FA
:101A1000F1118697D1F462E080E00E94767564E966
:101A20007BE08BE397E10E94D07463E080E00E944A
:101A3000767569EA7BE08BE397E10E94D07487E2D8
:101A400090E09093F1118093F0118091F0119091BA
:101A5000F111879709F047C063E088E00E9476752E
:101A6000C0904202D0904302E0904402F0904502C0
:101A700020E030E040E85FE3C701B6010E947A97BA
:101A8000811113C0609163027091640280916502BC
:101A9000909166020E9480972AE037ED43E25BE373
:101AA0000E94DF9742E050E016C06091630270919F
:101AB000640280916502909166020E9480972AE0FC
:101AC00037ED43E25BE30E94DF97A70196010E9496
:101AD000809943E050E00E94D17588E290E09093B5
:101AE000F1118093F0118091F0119091F11188978C
:101AF00011F40E94CB2F8091F0119091F1118997F0
:101B0000D1F58091630290916402A0916502B09139
:101B1000660240915F025091600260916102709193
:101B20006202481759076A077B075CF00A97A10908
:101B3000B10980935F0290936002A0936102B09319
:101B4000620262E080E00E9476756EEB7BE08BE3E0
:101B500097E10E94D07463E080E00E94767569EAA4
:101B60007BE08BE397E10E94D0748AE290E090934F
:101B7000F1118093F0118091F0119091F1118A97F9
:101B800009F047C063E088E00E947675C090420289
:101B9000D0904302E0904402F090450220E030E013
:101BA00040E85FE3C701B6010E947A97811113C034
:101BB00060915F0270916002809161029091620277
:101BC0000E9480972AE037ED43E25BE30E94DF97B3
:101BD00042E050E016C060915F0270916002809117
:101BE0006102909162020E9480972AE037ED43E201
:101BF0005BE30E94DF97A70196010E94809943E072
:101C000050E00E94D1758BE290E09093F1118093A7
:101C1000F0118091F0119091F1118B9711F40E94C5
:101C2000CB2F8091F0119091F1118C97B1F50E941A
:101C3000925E64EF71E080E090E00E94CF780E94B5
:101C40004E5F0E94C54B0E943A5E0E94444B62E088
:101C500080E00E94767563ED7BE08BE397E10E9464
:101C6000D07463E080E00E94767568EE7BE08BE3E1
:101C700097E10E94D07463E085E00E9476758FE161
:101C800097E10E94BD7563E08FE00E94767585E262
:101C900097E10E94BD750E94CB2F8091F011909129
:101CA000F1118D97D1F462E080E00E9476756DEFBE
:101CB0007BE08BE397E10E94D07463E080E00E94B8
:101CC00076756BED77E08BE397E10E94D0748EE23E
:101CD00090E09093F1118093F0118091F011909128
:101CE000F1118E9711F00C94ED16809131119091B5
:101CF0003211A0913311B091341180932D11909332
:101D00002E11A0932F11B093301180913911909121
:101D10003A11A0913B11B0913C1180931D11909309
:101D20001E11A0931F11B0932011109299111092BF
:101D300098110E94574293E0292E312C01E010E0C7
:101D400080910F1490911014049709F0ECC78091C2
:101D500098119091991106970CF0E5C78091F011B8
:101D60009091F1118E970E9708F0DDC788E00E94E0
:101D70000D78009719F4109246020CC0019751F4A7
:101D800080914602811106C062E370E080E090E03D
:101D90000E94CF7888E00E940D78019709F0EBC48B
:101DA000809146028111E7C48091F0119091F11168
:101DB0008E329105B1F581E08093460260E085E0C6
:101DC0000E94767562E17CE08BE397E10E94D0741B
:101DD00061E085E00E94767562E17CE08BE397E14B
:101DE0000E94D07462E080E00E9476756BE17CE036
:101DF0008BE397E10E94D07463E080E00E947675E7
:101E000060E37CE08BE397E10E94D0740E94AC41D8
:101E10000E9401412FE230E03093F1112093F01144
:101E200023C38F32910509F02AC381E080934602D3
:101E300063E080E00E9476756AE57CE08BE397E1E1
:101E40000E94D074C0906A14D0906B14E0906C140F
:101E5000F0906D148090630290906402A0906502EF
:101E6000B090660240907614509077146090781489
:101E7000709079148091621490916314A09164140D
:101E8000B0916514BC01CD016C197D098E099F09C3
:101E900097FF07C090958095709561957F4F8F4F04
:101EA0009F4FA50194010E949398CA01B9010E9415
:101EB000809724EA30E74DEF5FE30E94F198698351
:101EC0007A838B839C8380916E1490916F14A09180
:101ED0007014B0917114A7019601281B390B4A0B9D
:101EE0005B0BCA01B90157FF07C0909580957095AB
:101EF00061957F4F8F4F9F4FA50194010E9493984A
:101F0000CA01B9010E9480979B01AC0169817A8165
:101F10008B819C810E94F1986B017C0180917214ED
:101F200090917314A0917414B0917514BC01CD01FB
:101F3000641975098609970997FF07C090958095E0
:101F4000709561957F4F8F4F9F4FA50194010E941F
:101F50009398CA01B9010E9480979B01AC01C70107
:101F6000B6010E94F1986B017C0180917A149091E6
:101F70007B14A0917C14B0917D14A3019201281BC5
:101F8000390B4A0B5B0BCA01B90157FF07C090958B
:101F90008095709561957F4F8F4F9F4FA50194015C
:101FA0000E949398CA01B9010E9480979B01AC01DD
:101FB000C701B6010E94F1986B017C0120E030E07E
:101FC000A9010E94779A20E030E040E05FE387FDBE
:101FD00005C0C701B6010E94F19804C0C701B6014F
:101FE0000E94F0980E94E89970938B1460938A1471
:101FF00063E08CE00E9476756DE776E08BE397E115
:102000000E94D07463E08CE00E94767580918A14FF
:1020100090918B140E94A6768091981190919911BD
:10202000892B09F009C24091A4115091A51160912A
:10203000A6117091A711C0906A14D0906B14E09013
:102040006C14F0906D144A015B018C189D08AE0869
:10205000BF088091630290916402A0916502B091E3
:10206000660288169906AA06BB066CF0481B590B37
:102070006A0B7B0B4093A4115093A5116093A6119A
:102080007093A711E5C0181419041A041B044CF42A
:10209000C092A411D092A511E092A611F092A711BE
:1020A000D7C04C155D056E057F0509F0D1C01093B2
:1020B0009711009396114091A0115091A111609138
:1020C000A2117091A311C0907614D0907714E09073
:1020D0007814F09079144A015B018C189D08AE08C1
:1020E000BF0888169906AA06BB066CF0481B590B58
:1020F0006A0B7B0B4093A0115093A1116093A21126
:102100007093A31159C0181419041A041B044CF439
:10211000C092A011D092A111E092A211F092A3114D
:102120004BC04C155D056E057F0509F045C042E0CA
:1021300050E0509397114093961140919C1150910B
:102140009D1160919E1170919F11C0907A14D09052
:102150007B14E0907C14F0907D144A015B018C1894
:102160009D08AE08BF0888169906AA06BB066CF043
:10217000481B590B6A0B7B0B40939C1150939D118C
:1021800060939E1170939F1117C0181419041A04BC
:102190001B044CF4C0929C11D0929D11E0929E11B0
:1021A000F0929F1109C04C155D056E057F0521F465
:1021B000109399110093981166E176E08BE496E113
:1021C0000E94737464E176E08BE496E10E9473747C
:1021D0006FE67CE08BE496E10E94D074609163022C
:1021E0007091640280916502909166020E94D77698
:1021F0006DE77CE08BE496E10E94D0746091A411BD
:102200007091A5118091A6119091A7110E94D77687
:102210006AE87CE08BE496E10E94D0746091A011A2
:102220007091A1118091A2119091A3110E94D77673
:1022300066E97CE08BE496E10E94D07460919C1189
:1022400070919D1180919E1190919F110E94D7765F
:102250008091981190919911009709F0B6C0E09083
:102260008A14F0908B148090630290906402A09086
:102270006502B09066028091A4119091A511A09181
:10228000A611B091A71140906A1450906B14609001
:102290006C1470906D14BC01CD0164197509860928
:1022A000970997FF07C090958095709561957F4F2E
:1022B0008F4F9F4FA50194010E949398CA01B901C5
:1022C0000E94809724EA30E74DEF5FE30E94F19887
:1022D0002B013C018091A0119091A111A091A2111C
:1022E000B091A31120917614309177144091781415
:1022F00050917914BC01CD01621B730B840B950BBB
:1023000097FF07C090958095709561957F4F8F4F8F
:102310009F4FA50194010E949398CA01B9010E94A0
:1023200080979B01AC01C301B2010E94F1982B017F
:102330003C0180919C1190919D11A0919E11B091B2
:102340009F1120917A1430917B1440917C1450910C
:102350007D14BC01CD01621B730B840B950B97FFA1
:1023600007C090958095709561957F4F8F4F9F4FD7
:10237000A50194010E949398CA01B9010E94809717
:102380009B01AC01C301B2010E94F1984B015C01B9
:1023900020E030E0A9010E94779A20E030E040E0A0
:1023A0005FE387FD05C0C501B4010E94F19804C038
:1023B000C501B4010E94F0980E94E899E61AF70A54
:1023C000F0928914E09288140BC0019749F480912F
:1023D0008A1490918B140197909389148093881498
:1023E00063E085E00E9476756DE776E08BE397E128
:1023F0000E94D07463E085E00E9476758091881415
:10240000909189140E94A6760E942D400E94A43FBC
:102410000E94AF3B0E9437510E94584D0E94A94C28
:102420000E94AC418091981190919911892B09F0EB
:10243000F3CD0E940141F0CD82E090E0909399119C
:10244000809398110E94574220E330E03093F111BD
:102450002093F01162E080E00E94767562EA7CE0F1
:102460008BE397E10E94D07463E080E00E94767570
:1024700065E47CE08BE397E10E94D0747CC18033FB
:10248000910509F093C08091981190919911823033
:10249000910521F08430910509F06DC121E0209370
:1024A0004602029709F067C08091941190919511AE
:1024B00062E0039709F44CC080E00E94767567EBF8
:1024C0007CE08BE397E10E94D07463E080E00E949F
:1024D00076756AE57CE08BE397E10E94D074809189
:1024E0008A1490918B14909389148093881463E0DC
:1024F0008CE00E9476756DE776E08BE397E10E94B1
:10250000D07463E08CE00E94767580918A1490917B
:102510008B140E94A67680918A1490918B149093CC
:1025200089148093881463E085E00E9476756DE7D6
:1025300076E08BE397E10E94D07463E085E00E942F
:10254000767580918814909189140E94A67613C0A4
:1025500080E00E9476756CE676E08BE397E10E945E
:10256000D07463E080E00E9476756CEC7CE08BE3D5
:1025700097E10E94D0740E9401410E942D400E9468
:10258000A43F0E94AF3B0E9437510E94584D0E94C9
:10259000A94C0E94AC4141E350E05093F1114093AB
:1025A000F0113092991120929811E5C0CA9709F064
:1025B000E2C08091981190919911059709F0DBC0C4
:1025C00081E080934602809198119091991105972E
:1025D00009F0CBC0809190119091911118161906B5
:1025E0000CF04BC04C01092E000CAA08BB08C0908F
:1025F0006302D0906402E0906502F0906602409120
:102600005F02509160026091610270916202260146
:102610003701440E551E661E771E20918C11309195
:102620008D11481459046A047B046CF42C0D3D1D73
:1026300030938D1120938C118C199D0990939111D9
:10264000809390111AC0820F931F481559056A058F
:102650007B055CF4841B950B90938D1180938C11FA
:10266000509391114093901108C090938D118093D5
:102670008C11109291111092901180919211909161
:102680009311181619060CF04BC04C01092E000CC2
:10269000AA08BB08C0900D17D0900E17E0900F1736
:1026A000F09010174091091750910A1760910B177D
:1026B00070910C1726013701440E551E661E771EB9
:1026C00020918E1130918F11481459046A047B04B3
:1026D0006CF42C0D3D1D30938F1120938E118C19AD
:1026E0009D0990939311809392111AC0820F931FAA
:1026F000481559056A057B055CF4841B950B90937E
:102700008F1180938E11509393114093921108C0B2
:1027100090938F1180938E111092931110929211B9
:102720000E9457420E9401410E942D400E94A43FF6
:102730000E94AF3B0E9437510E94584D0E94A94C05
:102740000E94AC418091921190919311892B09F0D4
:102750003ACF8091901190919111892B09F033CF4C
:1027600030929911209298112ECF81E390E09093AE
:10277000F1118093F0118091F0119091F111C197B6
:1027800011F562E080E00E94767561EE7CE08BE3FB
:1027900097E10E94D07463E080E00E947675E0913A
:1027A0009411F0919511EE0FFF1FE95AFB4F6081D4
:1027B00071818BE397E10E94D07422E330E0309383
:1027C000F1112093F0118091F0119091F111C297C5
:1027D00011F40E94CB2F8091F0119091F111C397C9
:1027E00029F58091941190919511009739F447EE55
:1027F00053E05093101440930F141EC00297E1F45D
:1028000063E080E00E94767566EF7CE08BE397E101
:102810000E94D07460ED77E080E090E00E94CF7875
:1028200081E390E09093F1118093F0118091F01189
:102830009091F111C39731F5809194119091951178
:10284000039701F562E080E00E9476756CEC7CE015
:102850008BE397E10E94D07463E080E00E9476757C
:102860006BE07DE08BE397E10E94D07420E330E0E1
:102870003093F1112093F01142E050E05093991100
:10288000409398118091F0119091F111C39761F5E7
:102890008091941190919511019731F58091A81133
:1028A0009091A91162E0892B31F480E00E94767545
:1028B00060E27DE005C080E00E94767565E37DE022
:1028C0008BE397E10E94D07463E080E00E9476750C
:1028D0006AE47DE08BE397E10E94D07484E390E0AA
:1028E0009093F1118093F0118091F0119091F1117A
:1028F000C49709F0CCC080919411909195110197E3
:1029000009F0C5C0809192119091931197FF04C076
:1029100010929311109292116091921170919311F3
:10292000072E000C880B990B0E9480972DEC3CEC35
:102930004CEC5BE30E94DF976093B2117093B3118C
:102940008093B4119093B51163E08AE00E9476758C
:102950008090420290904302A0904402B0904502C1
:1029600020E030E040E85FE3C501B4010E947A97BF
:10297000C090B211D090B311E090B411F090B511A5
:1029800081114BC020E030E048EC52E4C701B601B1
:102990000E94779A87FD05C043E050E0C701B60169
:1029A0006EC020E030E040E251E4C701B6010E9471
:1029B000779A87FD11C06FE776E08BE397E10E947D
:1029C000D0746091B2117091B3118091B411909153
:1029D000B51142E050E053C020E030E0A901C7014A
:1029E000B6010E947A97811107C068E37BE08BE310
:1029F00097E10E94D07445C06EE776E08BE397E1E3
:102A00000E94D0746091B2117091B3118091B41191
:102A10009091B51143E050E032C020E030E040E258
:102A200051E4C701B6010E94779A87FD05C0A50150
:102A30009401C701B6011FC020E030E0A901C70121
:102A4000B6010E947A97882381F26FE776E08BE3E4
:102A500097E10E94D074209142023091430240914C
:102A60004402509145026091B2117091B31180916E
:102A7000B4119091B5110E94809944E050E00E94F9
:102A8000D17585E390E09093F1118093F0118091DE
:102A9000F0119091F111C59741F4809194119091AA
:102AA0009511019711F40E94CB2F8091F011909114
:102AB000F111C69701F580919411909195110197AC
:102AC000D1F462E080E00E9476756FE57DE08BE3F3
:102AD00097E10E94D07463E080E00E94767564E71D
:102AE0007DE08BE397E10E94D07487E390E09093C0
:102AF000F1118093F0118091F0119091F111C7972D
:102B000009F0CCC08091941190919511019709F032
:102B1000C5C0809190119091911197FF04C01092BF
:102B20009111109290116091901170919111072E56
:102B3000000C880B990B0E9480972AE037ED43E246
:102B40005BE30E94DF976093B2117093B31180939F
:102B5000B4119093B51163E08AE00E94767580907D
:102B6000420290904302A0904402B090450220E0BF
:102B700030E040E85FE3C501B4010E947A97C0905D
:102B8000B211D090B311E090B411F090B511811151
:102B90004BC020E030E048EC52E4C701B6010E948F
:102BA000779A87FD05C043E050E0C701B6016EC0CB
:102BB00020E030E040E251E4C701B6010E94779A7C
:102BC00087FD11C06FE776E08BE397E10E94D07438
:102BD0006091B2117091B3118091B4119091B511BF
:102BE00042E050E053C020E030E0A901C701B60147
:102BF0000E947A97811107C068E37BE08BE397E13D
:102C00000E94D07445C06EE776E08BE397E10E94A6
:102C1000D0746091B2117091B3118091B411909100
:102C2000B51143E050E032C020E030E040E251E432
:102C3000C701B6010E94779A87FD05C0A5019401DE
:102C4000C701B6011FC020E030E0A901C701B601ED
:102C50000E947A97882381F26FE776E08BE397E111
:102C60000E94D0742091420230914302409144026C
:102C7000509145026091B2117091B3118091B411DD
:102C80009091B5110E94809944E050E00E94D17566
:102C900088E390E09093F1118093F0118091F0110E
:102CA0009091F111C89711F40E94CB2F8091F011EF
:102CB0009091F111C99709F043C8809190119091BA
:102CC0009111181619063CF0809192119091931170
:102CD000181619060CF562E080E00E94767569E826
:102CE0007DE08BE397E10E94D07463E080E00E9476
:102CF00076756BE07DE08BE397E10E94D0748AE308
:102D000090E09093F1118093F01185E090E0909322
:102D100099118093981114C881E390E09093F11178
:102D20008093F0110DC880912D1190912E11A091DA
:102D30002F11B0913011F89480935B1790935C172A
:102D4000A0935D17B0935E17789480912D119091A8
:102D50002E11A0912F11B0913011809331119093C9
:102D60003211A0933311B0933411809325119093B5
:102D70002611A0932711B093281180911D119091D5
:102D80001E11A0911F11B0912011F8948093671724
:102D900090936817A0936917B0936A1778948091FD
:102DA0001D1190911E11A0911F11B09120118093BF
:102DB000391190933A11A0933B11B0933C11809339
:102DC000351190933611A0933711B093381187EED7
:102DD00093E09093101480930F140F900F900F9026
:102DE0000F90DF91CF911F910F91FF90EF90DF90A7
:102DF000CF90BF90AF909F908F907F906F905F909B
:102E00004F903F902F9008952F923F924F925F9254
:102E10006F927F928F929F92AF92BF92CF92DF92EA
:102E2000EF92FF920F931F93CF93DF93CDB7DEB74F
:102E300060970FB6F894DEBF0FBECDBF80919E1392
:102E400090919F13892BD1F462E080E00E94767507
:102E500062EF7DE08BE397E10E94D07463E080E055
:102E60000E94767567E07EE08BE397E10E94D07464
:102E700081E090E090939F1380939E1380919E1326
:102E800090919F13019709F09BC063E08BE00E9433
:102E9000767520E030E040E85FE360914202709197
:102EA000430280914402909145020E947A978111D9
:102EB00047C0C0903A02D0903B02E0903C02F090B4
:102EC0003D0220E030E048EC52E4C701B6010E9428
:102ED000779A87FD05C063E08BE00E94767525C078
:102EE00020E030E048EC52E4C701B6010E947A9736
:102EF00087FF11C020E030E040E251E4C701B60195
:102F00000E94779A87FD07C063E08BE00E94767588
:102F10006FE776E006C063E08BE00E9476756EE7AF
:102F200076E08BE397E10E94D07460913A02709151
:102F30003B0280913C0290913D0243E050E038C05A
:102F400023E333E34BEC51E460913A0270913B028E
:102F500080913C0290913D020E94809920E030E0F7
:102F600040E251E40E94779A63E087FD04C08BE061
:102F70000E94767509C08BE00E9476756FE776E057
:102F80008BE397E10E94D07420914202309143027A
:102F9000409144025091450260913A0270913B0287
:102FA00080913C0290913D020E94809944E050E063
:102FB0000E94D17582E090E090939F1380939E13BE
:102FC00080919E1390919F13029721F40E947E2777
:102FD0000E94FA5A80919E1390919F13039731F5A6
:102FE000C090FF13D0900014E0900114F0900214F0
:102FF000C0929A13D0929B13E0929C13F0929D136F
:10300000C701B6010E9480976093FA117093FB117B
:103010008093FC119093FD11D092F711C092F6119C
:1030200084E090E090939F1380939E1380919E1371
:1030300090919F130497D1F462E080E00E9476752E
:1030400062E177E08BE397E10E94D07463E080E077
:103050000E94767563ED76E08BE397E10E94D07471
:1030600085E090E090939F1380939E1380919E1330
:1030700090919F13059791F48091FF139091001404
:10308000A0910114B091021480939613909397131A
:10309000A0939813B09399130E947E2780919E135A
:1030A00090919F130697E9F560919613709197138D
:1030B00080919813909199130E9480976B017C01E5
:1030C00060919A1370919B1380919C1390919D1322
:1030D0000E94809720E030E048EC53E40E94F19891
:1030E0009B01AC01C701B6010E947A9787FF13C00C
:1030F00063E080E00E9476756CE17EE08BE397E10F
:103100000E94D07460ED77E080E090E00E94CF787C
:1031100084E090E002C087E090E090939F1380935A
:103120009E1380919E1390919F130797D1F462E0B4
:1031300080E00E94767561E37EE08BE397E10E9478
:10314000D07463E080E00E94767566E47EE08BE3F5
:1031500097E10E94D07488E090E090939F13809351
:103160009E1380919E1390919F130897D9F463E06A
:1031700083E00E9476756EE776E08BE397E10E942C
:10318000D07463E083E00E9476758091380290915C
:10319000390201960E94A67689E090E090939F13F1
:1031A00080939E1380919E1390919F13099711F421
:1031B0000E947E2780919E1390919F130A97B1F5EC
:1031C00062E080E00E9476756BE57EE08BE397E13C
:1031D0000E94D07463E080E00E9476756CE676E031
:1031E0008BE397E10E94D07463E080E00E947675E3
:1031F0008091041290910512892B31F460E77EE0F2
:103200008BE397E10E94D074809104129091051293
:10321000019731F465E87EE08BE397E10E94D0747A
:103220008BE090E090939F1380939E1380919E1368
:1032300090919F130B9711F40E947E2780919E130B
:1032400090919F130C9729F540919A1350919B13DD
:1032500060919C1370919D13E6EAF2E18EEC92E18D
:1032600041935193619371938E179F07C9F7809192
:1032700038029091390290930312809302121092B7
:103280003902109238028DE090E090939F13809362
:103290009E1380919E1390919F130D9781F520911D
:1032A00038023091390280910212909103128217F4
:1032B00093072CF162E080E00E9476756AE97EE077
:1032C0008BE397E10E94D07463E080E00E94767502
:1032D0006FEA7EE08BE397E10E94D07462E085E0C4
:1032E0000E947675809138029091390201960E9471
:1032F000A6768EE090E090939F1380939E1380912A
:103300009E1390919F130E9709F09AC080913802F6
:103310009091390220910212309103122817390737
:103320000CF48EC0880F991F880F991FFC01EA5575
:10333000FD4E80919A1390919B13A0919C13B09194
:103340009D130081118122813381BC01CD01601B5D
:10335000710B820B930B0E9480979B01AC010E9422
:10336000F1982AE037ED43E25BE30E94DF979B018F
:10337000AC0160913A0270913B0280913C029091C5
:103380003D020E94F0986B017C016093FE117093E6
:10339000FF11809300129093011220E030E040E88A
:1033A0005FE36091420270914302809144029091E8
:1033B00045020E947A97811123C020E030E040E26C
:1033C00051E4C701B6010E94779A63E087FD04C00B
:1033D0008DE00E94767509C08DE00E9476756FE7DA
:1033E00076E08BE397E10E94D0746091FE117091BA
:1033F000FF11809100129091011243E050E018C03B
:1034000063E08DE00E947675209142023091430284
:1034100040914402509145026091FE117091FF115C
:1034200080910012909101120E94809944E050E036
:103430000E94D1758FE090E090939F1380939E132C
:1034400080919E1390919F130F9711F40E947E27F5
:1034500080919E1390919F13409709F0E4C00091D2
:103460003802109139021A8309834091EF13509169
:10347000F0136091F1137091F213101611060CF015
:103480007AC02091041230910512C80101972115CC
:10349000310589F4FC01EE0FFF1FEE0FFF1FEA5B01
:1034A000FC4E008111812281338104171507260704
:1034B0003707A4F035C02130310591F5FC01EE0F3E
:1034C000FF1FEE0FFF1FEA5BFC4E0081118122817E
:1034D0003381401751076207730714F563E080E0FA
:1034E0000E94767564EC7EE08BE397E10E94D074D5
:1034F0008091041290910512892B19F469ED7EE0F8
:1035000002C062EE7EE08BE397E10E94D07460ED32
:1035100077E080E090E00E94CF788DE090E07FC07F
:10352000880F991F880F991FFC01EA5BFC4E0081F0
:103530001181228133810417150726073707D9F433
:10354000FC01EA55FD4E0081118122813381809179
:10355000FF1390910014A0910114B0910214081768
:1035600019072A073B0739F463E080E00E9476756B
:103570006BEE7EE0C8CF89819A81880F991F880FF2
:10358000991FFC01EA5BFC4E408351836283738385
:10359000FC01EA55FD4E40919A1350919B136091A6
:1035A0009C1370919D1380819181A281B3818A01C6
:1035B0009B01081B190B2A0B3B0BC901B8010E9488
:1035C00080976B017C012091FA113091FB114091A1
:1035D000FC115091FD110E94779A181674F4C09254
:1035E000FA11D092FB11E092FC11F092FD110981C9
:1035F0001A811093F9110093F81109811A810F5F54
:103600001F4F10933902009338028091021290915B
:103610000312801791070CF080CF81E190E0909326
:103620009F1380939E1380919E1390919F134197B7
:10363000D1F462E080E00E94767564E97BE08BE380
:1036400097E10E94D07463E080E00E94767569EA99
:103650007BE08BE397E10E94D07482E190E090934D
:103660009F1380939E1380919E1390919F13429776
:1036700009F03FC063E088E00E947675C090420286
:10368000D0904302E0904402F090450220E030E008
:1036900040E85FE3C701B6010E947A972AE037ED60
:1036A00043E25BE381110DC06091340270913502F9
:1036B00080913602909137020E94DF9742E050E0FD
:1036C00010C0609134027091350280913602909161
:1036D00037020E94DF97A70196010E94809943E07C
:1036E00050E00E94D17583E190E090939F13809306
:1036F0009E1380919E1390919F13439711F40E9403
:103700007E2780919E1390919F13449709F040C0AB
:10371000C0903402D0903502E0903602F09037022B
:10372000A7019601609130027091310280913202BE
:10373000909133020E94779A87FD10C020E030E01C
:1037400040E251E4C701B6010E94F0986093300254
:1037500070933102809332029093330262E080E0F2
:103760000E9476756EEB7BE08BE397E10E94D0744C
:1037700063E080E00E94767569EA7BE08BE397E185
:103780000E94D07485E190E090939F1380939E13E4
:1037900080919E1390919F13459709F03FC063E07D
:1037A00088E00E947675C0904202D0904302E0907B
:1037B0004402F090450220E030E040E85FE3C701BA
:1037C000B6010E947A972AE037ED43E25BE381116C
:1037D0000DC060913002709131028091320290915F
:1037E00033020E94DF9742E050E010C06091300247
:1037F0007091310280913202909133020E94DF97E2
:10380000A70196010E94809943E050E00E94D17583
:1038100086E190E090939F1380939E1380919E1376
:1038200090919F13469711F40E947E2780919E13DA
:1038300090919F134797B1F50E94925E64EF71E0FB
:1038400080E090E00E94CF780E944E5F0E94C54BBE
:103850000E943A5E0E94444B62E080E00E947675CE
:1038600063ED7BE08BE397E10E94D07463E080E03E
:103870000E94767568EE7BE08BE397E10E94D0743E
:1038800063E085E00E9476758FE197E10E94BD7547
:1038900063E08FE00E94767585E297E10E94BD7536
:1038A0000E947E2780919E1390919F134897D1F498
:1038B00062E080E00E94767560E07FE08BE397E154
:1038C0000E94D07463E080E00E9476756BED77E033
:1038D0008BE397E10E94D07489E190E090939F136D
:1038E00080939E1380919E1390919F13499711F09E
:1038F0000C9405278091311190913211A0913311D0
:10390000B091341180932D1190932E11A0932F110B
:10391000B09330118091391190913A11A0913B11DF
:10392000B0913C1180931D1190931E11A0931F1113
:10393000B093201102EA12E11C870B8702E413E125
:1039400026E532E13E832D8346EF52E15A874987CF
:10395000212C312CE0900212F0900312E214F304B7
:10396000CCF440909A1350909B1360909C137090ED
:103970009D138090300290903102A0903202B0905E
:1039800033028091F4119091F51106E012E11A8250
:10399000198200C621143104D1F44091A61250912D
:1039A000A7126091A8127091A91280919A13909118
:1039B0009B13A0919C13B0919D13481759076A0758
:1039C0007B072CF48BED9FE0A9E4B0E423C0809149
:1039D000041290910512009731F52114310409F079
:1039E00043C04091A6125091A7126091A812709105
:1039F000A91280919A1390919B13A0919C13B0915E
:103A00009D13481759076A077B0771F58BED9FE0F7
:103A1000A9ECBFE38093A2149093A314A093A414E1
:103A2000B093A514BDC1019709F075C021143104EC
:103A300009F044C04091A6125091A7126091A812BB
:103A40007091A91280919A1390919B13A0919C134D
:103A5000B0919D13481759076A077B0779F584EEE3
:103A60009BECA6E9B0E4D6CFD8014D915D916D9164
:103A70007C91139714968D919D910D90BC91A02DE2
:103A8000481759076A077B0709F045C0EB85FC8595
:103A9000408151816281738184819581A681B78142
:103AA000481759076A077B07B4F51092A2141092C1
:103AB000A3141092A4141092A51472C1D8014D91B0
:103AC0005D916D917C91139714968D919D910D90C0
:103AD000BC91A02D481759076A077B07E1F4EB85D5
:103AE000FC85408151816281738184819581A681A9
:103AF000B781481759076A077B076CF42BED3FE045
:103B000049EC50E42093A2143093A3144093A414DE
:103B10005093A51445C1D801CD90DD90ED90FC9057
:103B2000139714964D905D906D907C901797C414E8
:103B3000D504E604F70481F4EB85FC8540815181CE
:103B40006281738184819581A681B78184179507ED
:103B5000A607B7070CF436CFAB85BC858D909D903A
:103B6000AD90BC90139714962D913D914D915C9121
:103B7000179729833A834B835C8382169306A406A6
:103B8000B50669F44C145D046E047F040CF43ECF5A
:103B9000C414D504E604F7040CF461CFEBC029810A
:103BA0003A814B815C8182169306A406B5060CF01F
:103BB00041C04C145D046E047F040CF093C0C70137
:103BC000B60164197509860997090E9480972DEC42
:103BD0003CEC4CEC5BE30E94DF976B017C01C50180
:103BE000B40129813A814B815C81621B730B840B88
:103BF000950B0E9480972AE037ED43E25BE30E9439
:103C0000DF979B01AC01C701B6010E9480990E9419
:103C100055996B017C0120E030E0A9010E94779A60
:103C2000181624F0F7FAF094F7F8F09420E030E05A
:103C3000A9014BC089819A81AB81BC818815990506
:103C4000AA05BB050CF096C04C145D046E047F04FD
:103C50000CF08AC0C501B40129813A814B815C8195
:103C6000621B730B840B950B0E9480972AE037ED43
:103C700043E25BE30E94DF974B015C01C701B601A1
:103C800064197509860997090E9480972DEC3CEC10
:103C90004CEC5BE30E94DF979B01AC01C501B401D2
:103CA0000E9480990E9455996B017C0120E030E0D0
:103CB000A9010E94779A181624F0F7FAF094F7F801
:103CC000F0942BED3FE049EC5FE3C701B6010E94A1
:103CD000F1986093A2147093A3148093A41490930A
:103CE000A5145EC0C414D504E604F7040CF042C069
:103CF000C501B40129813A814B815C81621B730B40
:103D0000840B950B0E9480972AE037ED43E25BE33A
:103D10000E94DF974B015C01C701B6016419750968
:103D2000860997090E9480972DEC3CEC4CEC5BE3F4
:103D30000E94DF979B01AC01C501B4010E948099EC
:103D40000E9455996B017C0120E030E0A9010E949E
:103D5000779A181624F0F7FAF094F7F8F09424EE16
:103D60003BEC46E950E4B1CFC414D504E604F704B3
:103D70000CF4D5C763E080E00E94767565E17FE0D2
:103D80008BE397E10E94D07468E873E180E090E0F3
:103D90000E94CF7847EE53E05093101440930F14D5
:103DA000809102129091031228163906D1F4AB8546
:103DB000BC851496CD90DD90ED90FC9017974091C6
:103DC0009A1350919B1360919C1370919D13C4168C
:103DD000D506E606F7062CF48BED9FE0A9E4B0E4E7
:103DE00022C020910412309105122115310521F5D0
:103DF0002816390609F042C0EB85FC8544815581BF
:103E00006681778180919A1390919B13A0919C1366
:103E1000B0919D13481759076A077B0779F584EE1F
:103E20009BECA6E9B0E480939E1490939F14A0931A
:103E3000A014B093A114BDC12130310509F077C0A1
:103E40002816390609F049C0AB85BC8514964D91FA
:103E50005D916D917C91179780919A1390919B132E
:103E6000A0919C13B0919D13481759076A077B07CF
:103E7000A1F58BED9FE0A9ECBFE3D5CFF80144811C
:103E800055816681778180859185A285B3854817A4
:103E900059076A077B0709F04AC0AB85BC851496B1
:103EA0004D915D916D917C91179718968D919D9193
:103EB0000D90BC91A02D84179507A607B707BCF5F8
:103EC0002BED3FE049EC50E420939E1430939F1477
:103ED0004093A0145093A1146CC1D80114964D9135
:103EE0005D916D917C91179718968D919D910D9094
:103EF000BC91A02D481759076A077B07C1F4EB85D1
:103F0000FC85448155816681778180859185A28574
:103F1000B38584179507A607B7074CF410929E1433
:103F200010929F141092A0141092A11442C1D801B3
:103F300014968D909D90AD90BC9017971896CD904B
:103F4000DD90ED90FC901B978C149D04AE04BF0493
:103F500081F4EB85FC85448155816681778180857C
:103F60009185A285B385481759076A077B070CF42A
:103F700033CFAB85BC8514964D905D906D907C9051
:103F8000179718962D913D914D915C911B97298320
:103F90003A834B835C83421653066406750669F4C4
:103FA000C814D904EA04FB040CF439CF8C149D0422
:103FB000AE04BF040CF45DCFE6C029813A814B8189
:103FC0005C8142165306640675060CF040C0C814A6
:103FD000D904EA04FB040CF090C0C701B6016819CB
:103FE00079098A099B090E9480972DEC3CEC4CECE6
:103FF0005BE30E94DF976B017C0169817A818B8191
:104000009C8164197509860997090E9480972AE0A6
:1040100037ED43E25BE30E94DF979B01AC01C701F0
:10402000B6010E9480990E9455996B017C0120E0A5
:1040300030E0A9010E94779A181624F0F7FAF0945C
:10404000F7F8F0942BED3FE049E450E449C02981B2
:104050003A814B815C8124153505460557050CF0E6
:1040600092C0C814D904EA04FB040CF086C069812C
:104070007A818B819C8164197509860997090E9450
:1040800080972AE037ED43E25BE30E94DF972B0144
:104090003C01C701B601681979098A099B090E9488
:1040A00080972DEC3CEC4CEC5BE30E94DF979B018E
:1040B000AC01C301B2010E9480990E9455996B0125
:1040C0007C0120E030E0A9010E94779A181624F0C4
:1040D000F7FAF094F7F8F09424EE3BEC46E950E45C
:1040E000C701B6010E94F19860939E1470939F14CB
:1040F0008093A0149093A1145CC08C149D04AE0412
:10410000BF040CF040C069817A818B819C81641965
:104110007509860997090E9480972AE037ED43E2E6
:104120005BE30E94DF972B013C01C701B6016819D0
:1041300079098A099B090E9480972DEC3CEC4CEC94
:104140005BE30E94DF979B01AC01C301B2010E94B7
:1041500080990E9455996B017C0120E030E0A90113
:104160000E94779A181624F0F7FAF094F7F8F09472
:104170002BED3FE049EC5FE3B3CF8C149D04AE041C
:10418000BF040CF409C663E080E00E9476756AE221
:104190007FE08BE397E10E94D07468E873E180E0F0
:1041A00090E00E94CF7847EE53E050931014409374
:1041B0000F14C090A214D090A314E090A414F09017
:1041C000A51420E030E0A901C701B6010E947A974A
:1041D000811110C02BED3FE049EC50E460919E143A
:1041E00070919F148091A0149091A1140E947A97CD
:1041F000882339F12BED3FE049EC50E4C701B601CB
:104200000E947A9781110FC020E030E0A9016091EF
:104210009E1470919F148091A0149091A1140E94FB
:104220007A97882371F020919E1430919F144091C9
:10423000A0145091A114C701B6010E947A97811170
:1042400016C063E080E00E9476756FE37FE08BE349
:1042500097E10E94D07468E873E180E090E00E94EA
:10426000CF7887EE93E09093101480930F14809092
:10427000A2149090A314A090A414B090A514A5012A
:10428000940160919E1470919F148091A01490915C
:10429000A1140E94F0986B017C0120E030E040E026
:1042A0005FE30E94DF97A50194010E94F19860935B
:1042B0009A1470939B1480939C1490939D1420E007
:1042C00030E0A901C701B6010E94779A18160CF4D4
:1042D0004DC02BED3FE049E450ECC701B6010E9410
:1042E0007A9781110DC08BED9FE0A9E4B0E4809333
:1042F000961490939714A0939814B09399146BC04C
:104300002BED3FE049E450ECC701B6010E947A97DB
:1043100087FF15C0F7FAF094F7F8F094A70196011B
:104320006BED7FE089EC90E40E94F0986093961426
:104330007093971480939814909399144CC02BED1C
:104340003FE049E450ECC701B6010E94779A181685
:1043500064F5F7FAF094F7F8F094C0929614D092BE
:104360009714E0929814F092991435C02BED3FE029
:1043700049E450E4C701B6010E947A97882309F402
:10438000B2CF2BED3FE049E450E4C701B6010E94F3
:10439000779A18161CF22BED3FE049E450E4C70170
:1043A000B6010E947A9787FDD8CF63E080E00E9433
:1043B000767564E57FE08BE397E10E94D07468E84E
:1043C00073E180E090E00E94CF78A7EEB3E0B09375
:1043D0001014A0930F14C0909614D0909714E090EE
:1043E0009814F0909914A70196016BED7FE089E491
:1043F00090E40E94F09820E030E040E05FE30E940B
:10440000DF974B015C010E947D9969837A838B83DE
:104410009C83409030025090310260903202709044
:104420003302C501B4010E94829A4B015C0120E075
:1044300030E040E05FE3C701B6010E94DF970E94D1
:10444000CD9A6B017C01A5019401C301B2010E94C8
:10445000DF972AE037ED43E25BE30E94DF97A70195
:1044600096010E9480996B017C01A30192016981F0
:104470007A818B819C810E94DF972AE037ED43E2AD
:104480005BE30E94DF979B01AC01C701B6010E946C
:10449000F1986B017C0180909A1490909B14A090ED
:1044A0009C14B0909D14C501B4010E947D9969834C
:1044B0007A838B839C83C501B4010E94829A2B016D
:1044C0003C01F80164817581868197810E94809703
:1044D0004B015C01A3019201C701B6010E94DF9765
:1044E0002DEC3CEC4CEC5BE30E9480999B01AC0111
:1044F000C501B4010E94F1980E94E899A985BA8586
:104500006D937D938D939D93BA87A987EB85FC85E9
:1045100064817581868197810E9480974B015C013F
:1045200029813A814B815C81C701B6010E94DF97E6
:104530002AE037ED43E25BE30E9480999B01AC01E6
:10454000C501B4010E94F0980E94E899AD81BE8136
:104550006D937D938D939D93BE83AD832091F611D2
:104560003091F7116901330FEE08FF086C157D05D6
:104570008E059F0524F47093F7116093F611BFEF39
:104580002B1A3B0AEB85FC853496FC87EB870C5F86
:104590001F4FE0C929813A81E216F306F4F0C30106
:1045A000B2010E948097A50194010E94F19820E039
:1045B00030E040E251E40E94F1980E94E899D8016D
:1045C0006D937D938D939D938D01E981FA81319651
:1045D000FA83E98380E090E0DDCF9093F51180933A
:1045E000F411C301B2010E948097A50194010E94B9
:1045F000F19820E030E040E251E40E94F1980E94FE
:10460000E899709395146093941480910F1490918D
:104610001014039709F028C38091F4119091F511BB
:1046200004970CF021C380919E1390919F1349979A
:10463000039708F019C388E00E940D78009719F4D9
:10464000109246020CC0019751F4809146028111EC
:1046500006C062E370E080E090E00E94CF7888E0DE
:104660000E940D78019789F6809146028111CDCF85
:1046700080919E1390919F1389319105B1F5F1E0DE
:10468000F093460260E085E00E94767562E17CE08E
:104690008BE397E10E94D07461E085E00E9476751B
:1046A00062E17CE08BE397E10E94D07462E080E0FD
:1046B0000E94767569E67FE08BE397E10E94D074F3
:1046C00063E080E00E94767560E37CE08BE397E135
:1046D0000E94D0740E9406610E94D05F0AE110E03F
:1046E00010939F1300939E13D4C18A31910509F052
:1046F000DBC111E01093460263E080E00E94767512
:104700006AE57CE08BE397E10E94D0746091941499
:1047100070919514CB01770FAA0BBB0BE091F811A8
:10472000F091F911EE0FFF1FEE0FFF1FEA5AFD4E39
:10473000C080D180E280F380BC01CD016C197D097D
:104740008E099F0997FF07C0909580957095619598
:104750007F4F8F4F9F4F0E9480972091340230915E
:10476000350240913602509137020E94809922E52D
:1047700038EB4EEB5FE30E94F1986B017C0120E087
:1047800030E0A9010E94779A20E030E040E05FE34A
:1047900087FD05C0C701B6010E94F19804C0C7019A
:1047A000B6010E94F0980E94E89970939314609368
:1047B000921463E08CE00E9476756DE776E08BE3FF
:1047C00097E10E94D07463E08CE00E94767580913E
:1047D0009214909193140E94A6760091F411109176
:1047E000F511188B0F87012B09F043C100910212BC
:1047F000109103121E870D87C0903402D0903502AD
:10480000E0903602F09037020091F8111091F91102
:104810001A87098706E512E11C870B8746E0242EDC
:1048200042E1342E00E010E02D853E85201731074F
:104830000CF472C0D1014D905D906D907C90EB8531
:10484000FC8581909190A190B190FC87EB87A301AA
:104850009201281939094A095B0929833A834B8354
:104860005C83CA01B9010E9480976D837E838F8328
:104870009887A70196010E94779A87FD11C0C3010E
:10488000B2010E948097A70196010E94F0980E94B1
:10489000E899D1016D937D938D939C93139719C0E3
:1048A000A70196016D817E818F8198850E947A97FC
:1048B00087FF0FC029813A814B815C811216130654
:1048C0001406150634F4D1018D929D92AD92BC92DE
:1048D0001397EF85F889EF2BA9F429853A850217FC
:1048E0001307A1F491E080E0D1014D915D916D91AC
:1048F0007C91481559056A057B0509F090E09F8772
:10490000888B04C0E1E0F0E0F88BEF870F5F1F4F6A
:10491000F4E02F0E311C88CF0F8518891093F51104
:104920000093F411A0909214B0909314012B09F00D
:104930007EC089859A85880F991F880F991FFC0171
:10494000EA5FFD4EDC01AA5ABD4E40815181628171
:1049500073818D919D910D90BC91A02D8A019B0139
:10496000081B190B2A0B3B0BC901B8010E94809749
:10497000A70196010E9480996B017C0120E030E044
:10498000A9010E94779A1816E4F422E538EB4EEB61
:104990005FE3C701B6010E94F19820E030E0A90171
:1049A0000E94779A87FD30C022E538EB4EEB5FE33B
:1049B000C701B6010E94F19820E030E040E05FE3DB
:1049C00017C0A701960162E578EB8EEB9FE30E948A
:1049D000F0982B013C0120E030E0A9010E94779A79
:1049E00087FD09C020E030E040E05FE3C301B20191
:1049F0000E94F19817C0A701960162E578EB8EEB53
:104A00009FE30E94F09808C022E538EB4EEB5FE38D
:104A1000C701B6010E94F19820E030E040E05FE37A
:104A20000E94F0980E94E899A61AB70A03C011E004
:104A3000A11AB108B0929114A092901463E085E09D
:104A40000E9476756DE776E08BE397E10E94D07463
:104A500063E085E00E9476758091901490919114A6
:104A60000E94A6760E94B1610E9406610E94D05FFA
:104A7000B4CE2BE130E030939F1320939E1362E07D
:104A800080E00E94767562EA7CE08BE397E10E9409
:104A9000D07463E080E00E94767565E47CE08BE38F
:104AA00097E10E94D074B1CD4B9709F0AECD8091C3
:104AB000F4119091F511029709F0A7CD31E03093F0
:104AC000460262E080E00E9476756EE77FE08BE34D
:104AD00097E10E94D07463E080E00E9476756AE5F9
:104AE0007CE08BE397E10E94D07460919414709104
:104AF0009514CB01770FAA0BBB0BE091F811F09145
:104B0000F911EE0FFF1FEE0FFF1FEA5AFD4EC08096
:104B1000D180E280F380BC01CD016C197D098E0942
:104B20009F0997FF07C090958095709561957F4F7D
:104B30008F4F9F4F0E948097209134023091350211
:104B400040913602509137020E94809922E538EB5D
:104B50004EEB5FE30E94F1986B017C0120E030E0B6
:104B6000A9010E94779A20E030E040E05FE387FDF2
:104B700005C0C701B6010E94F19804C0C701B60183
:104B80000E94F0980E94E899709393146093921495
:104B900063E08CE00E9476756DE776E08BE397E149
:104BA0000E94D07463E08CE00E947675809192142C
:104BB000909193140E94A6768091921490919314F0
:104BC000909391148093901463E085E00E94767531
:104BD0006DE776E08BE397E10E94D07463E085E0B7
:104BE0000E94767580919014909191140E94A676FF
:104BF000409102125091031226EA32E1A6E4B3E199
:104C000066EF72E106E012E180E090E04817590794
:104C1000C4F0F901C190D190E190F1909F01F801A9
:104C2000C192D192E192F1928F01CD90DD90ED9001
:104C3000FD90FB01C192D192E192F192BF010196E8
:104C4000E5CF03E010E01093F5110093F4110E94FA
:104C5000B1610E9406610E94D05F2CE130E0309388
:104C60009F1320939E13D1CC80912D1190912E11E2
:104C7000A0912F11B0913011F89480935B1790930D
:104C80005C17A0935D17B0935E17789480912D11F7
:104C900090912E11A0912F11B0913011809331116C
:104CA00090933211A0933311B09334118093251156
:104CB00090932611A0932711B093281180911D1174
:104CC00090911E11A0911F11B0912011F894809322
:104CD000671790936817A0936917B0936A17789431
:104CE00080911D1190911E11A0911F11B091201162
:104CF0008093391190933A11A0933B11B0933C11DA
:104D00008093351190933611A0933711B0933811D9
:104D100087EE93E09093101480930F1476C0C70130
:104D2000B60164197509860997090E9480972DECD0
:104D30003CEC4CEC5BE30E94DF976B017C01C5010E
:104D4000B40129813A814B815C81621B730B840B16
:104D5000950B0E9480972AE037ED43E25BE30E94C7
:104D6000DF979B01AC01C701B6010E9480990E94A8
:104D700055996B017C0120E030E0A9010E94779AEF
:104D8000181624F0F7FAF094F7F8F0942BED3FE0C2
:104D900049E450E40C94651EC701B601681979090D
:104DA0008A099B090E9480972DEC3CEC4CEC5BE35C
:104DB0000E94DF976B017C0169817A818B819C81E4
:104DC00064197509860997090E9480972AE037EDD2
:104DD00043E25BE30E94DF979B01AC01C701B60190
:104DE0000E9480990E9455996B017C0120E030E07F
:104DF000A9010E94779A181624F0F7FAF094F7F8B0
:104E0000F09420E030E0A9016BC960960FB6F894E9
:104E1000DEBF0FBECDBFDF91CF911F910F91FF90ED
:104E2000EF90DF90CF90BF90AF909F908F907F904A
:104E30006F905F904F903F902F900895DC01ED911F
:104E4000FD918081ED91FD919081ED91FD916C91AD
:104E500063708E2309F064609F2309F06860EBE3C0
:104E6000F7E2E60FF11D659565956D936D917D9166
:104E70008D919D91099423C01AC012C016C010C014
:104E80001EC009C014C013C006C019C009C00DC09F
:104E900007C00DC014C062507040804090400BC0ED
:104EA000615070408040904006C06E5F01C06F5FEF
:104EB0007F4F8F4F9F4F9E938E937E936E93089557
:104EC0008091B1149091B214B9CF8091AF149091A8
:104ED000B014B4CF8091AD149091AE14AFCF809147
:104EE000AB149091AC14AACF8091A9149091AA14FC
:104EF000A5CF8091A7149091A814A0CF8F929F92D4
:104F0000AF92BF92CF92DF92EF92FF9280910F14F7
:104F1000909110149C012D7F2130310521F0873EA6
:104F200093400CF4A6C781E30E940D7890938B11F7
:104F300080938A110197D1F480918911811116C053
:104F40000E940779C0908511D0908611E09087115A
:104F5000F0908811DC01CB018C199D09AE09BF09C5
:104F6000893C9105A105B10508F062C70E94077947
:104F7000C0908511D0908611E0908711F090881133
:104F80009B01AC012C193D094E095F0969017A01A9
:104F90002093811130938211409383115093841197
:104FA00039E2C316D104E104F1040CF44BC380913F
:104FB0008A1190918B11892B09F054C2809189112B
:104FC000813009F04FC280910D1490910E14019719
:104FD000A9F480910B1490910C1401968C319105D9
:104FE00029F090930C1480930B1404C010920C14AD
:104FF00010920B1410920E1410920D1480910D1437
:1050000090910E140397B9F48091091490910A14A9
:1050100001968A30910529F090930A14809309141F
:1050200004C010920A141092091482E090E0909348
:105030000E1480930D1480910D1490910E14059709
:10504000B9F480910714909108140196833091056A
:1050500029F0909308148093071404C01092081448
:105060001092071484E090E090930E1480930D1436
:1050700080910D1490910E14079709F045C049E5F1
:10508000C41642E0D406E104F104F4F58090031460
:1050900090900414A0900514B0900614E0910B14A5
:1050A000F0910C14EE0FFF1FEE0FFF1FE357FD4FA3
:1050B00020E030E040E05FE3608171818281938194
:1050C0000E94DF972FE632E143E05BE30E94F09815
:1050D000A50194010E94779A87FD10C02FE632E166
:1050E00043E05BE3C501B4010E94F19860930314AF
:1050F00070930414809305149093061486E090E056
:1051000090930E1480930D1480910D1490910E14B1
:105110000797F9F459E5C51652E0D506E104F10404
:10512000C4F0E0917F11F0918011EE0FFF1FEE0FA0
:10513000FF1FED58FE4E8091FF1390910014A09137
:105140000114B091021480839183A283B3830E94DF
:10515000005580910D1490910E144F97B9F48091E1
:10516000BC139091BD1301968430910529F0909362
:10517000BD138093BC1304C01092BD131092BC13D6
:105180008EE190E090930E1480930D1480910D1495
:1051900090910E14849741F5C090B813D090B91334
:1051A000E090BA13F090BB132DEC3CEC4CEC5DE3BB
:1051B000C701B6010E947A9787FF10C02FE632E13F
:1051C00043E05BE3C701B6010E94F1986093B81316
:1051D0007093B9138093BA139093BB1383E290E05A
:1051E00090930E1480930D1480910F1490911014CD
:1051F000883E23E092075CF001968D3E33E09307F2
:1052000011F488EE93E09093101480930F14809122
:105210009E1390919F130297F1F5809181119091C7
:105220008211A0918311B091841189359240A1051A
:10523000B1058CF520E030E040E85FE36091420288
:105240007091430280914402909145020E947A97A6
:10525000811105C02FE632E143E85AE304C020E2A1
:1052600036E746E25BE360913A0270913B0280913F
:105270003C0290913D020E94F19860933A02709333
:105280003B0280933C0290933D0281E090E090933A
:105290009F1380939E1380919E1390919F13099763
:1052A000A1F4809138029091390201968E319105D6
:1052B00011F481E090E0909339028093380288E005
:1052C00090E090939F1380939E1380919E139091F2
:1052D0009F130B97B9F480910412909105120196D7
:1052E0008230910529F0909305128093041204C036
:1052F00010920512109204128AE090E090939F138E
:1053000080939E1380919E1390919F130F97A9F500
:105310008091811190918211A0918311B09184119B
:1053200089359240A105B10544F5E0913802F0912C
:105330003902EE0FFF1FEE0FFF1FEA55FD4E808171
:105340009181A281B38140919A1350919B136091F6
:105350009C1370919D1384179507A607B7076CF4EB
:105360000196A11DB11D80839183A283B3838EE03A
:1053700090E090939F1380939E1380919E13909141
:105380009F13439749F58091811190918211A091CB
:105390008311B091841189359240A105B105E4F4DF
:1053A00020E030E040E850E4609134027091350232
:1053B00080913602909137020E94F19860933402F6
:1053C00070933502809336029093370282E190E029
:1053D00090939F1380939E1380919E1390919F139F
:1053E000469709F03FC08091811190918211A09160
:1053F0008311B091841189359240A105B10594F5CE
:10540000C0903002D0903102E0903202F09033022E
:1054100020E030E040EA50E46091340270913502BF
:1054200080913602909137020E94F098A701960170
:105430000E94779A181684F420E030E040E850E4A7
:10544000C701B6010E94F198609330027093310257
:10545000809332029093330285E190E090939F1302
:1054600080939E1380918A1190918B11019709F07E
:1054700084C080919E1390919F13029709F07DC084
:105480008091811190918211A0918311B09184112A
:10549000893542E09407A105B1050CF46EC0893846
:1054A0009341A105B10594F520E030E040E85FE3C9
:1054B00060914202709143028091440290914502B2
:1054C0000E947A97811105C02DEC3CEC4CEC5DE319
:1054D00004C029E43CE042E85EE360913A02709146
:1054E0003B0280913C0290913D020E94F1986093B2
:1054F0003A0270933B0280933C0290933D0266E433
:1055000070E080E090E00E94CF782BC020E030E097
:1055100040E85FE36091420270914302809144024F
:10552000909145020E947A97811105C020E030E0F9
:1055300040E85FE304C02CE53FE842E250E46091BC
:105540003A0270913B0280913C0290913D020E9490
:10555000F19860933A0270933B0280933C029093DF
:105560003D0266EE70E080E090E00E94CF7881E03E
:1055700090E090939F1380939E1380918A11909155
:105580008B11019709F05EC080919E1390919F133B
:105590000F9709F057C0C0908111D0908211E09010
:1055A0008311F090841189E5C81682E0D806E104E1
:1055B000F1040CF447C0E0913802F0913902EE0F8B
:1055C000FF1FEE0FFF1FEA55FD4E80819181A281E2
:1055D000B381AC01BD014C5E5F4F6F4F7F4F809038
:1055E0009A1390909B13A0909C13B0909D13481514
:1055F00059056A057B0534F529E8C21623E1D20670
:10560000E104F1045CF4408351836283738366E4B4
:1056100070E080E090E00E94CF7808C088539F4FF0
:10562000AF4FBF4F80839183A283B38366EE70E058
:1056300080E090E00E94CF788EE090E090939F13FE
:1056400080939E1380918A118093891183E30E9435
:105650000D7890936E1180936D110197D1F4809124
:105660006C11811116C00E940779C0906811D0900A
:105670006911E0906A11F0906B11DC01CB018C197B
:105680009D09AE09BF09893C9105A105B10508F046
:10569000DAC30E940779C0906811D0906911E09038
:1056A0006A11F0906B119B01AC012C193D094E0958
:1056B0005F0969017A012093641130936511409369
:1056C00066115093671139E2C316D104E104F10465
:1056D0000CF4CEC280916D1190916E11009709F07B
:1056E000DFC180916C11813009F06DC280910D1481
:1056F00090910E14019781F480910B1490910C14E9
:10570000019710F48BE190E090930C1480930B14AC
:1057100010920E1410920D1480910D1490910E148D
:10572000039791F48091091490910A14019710F451
:1057300089E090E090930A148093091482E090E04D
:1057400090930E1480930D1480910D1490910E146B
:10575000079709F041C08090031490900414A09022
:105760000514B0900614E0910B14F0910C14EE0F98
:10577000FF1FEE0FFF1FE357FD4F80819181A28134
:10578000B381BC01CD01905820E030E040E05FE300
:105790000E94DF972FE632E143E05BE30E94F1983D
:1057A000A50194010E947A97181684F02FE632E141
:1057B00043E05BE3C501B4010E94F09860930314D9
:1057C00070930414809305149093061486E090E07F
:1057D00090930E1480930D1480910D1490910E14DB
:1057E0004F9791F48091BC139091BD13019710F4E1
:1057F00083E090E09093BD138093BC138EE190E022
:1058000090930E1480930D1480910D1490910E14AA
:10581000849739F58090B8139090B913A090BA137B
:10582000B090BB1320E030E0A901C501B4010E9493
:10583000779A181684F42FE632E143E05BE3C50162
:10584000B4010E94F0986093B8137093B9138093D9
:10585000BA139093BB1383E290E090930E1480935D
:105860000D1480910F1490911014883E33E093072B
:105870005CF00197873E43E0940711F48CEE93E0CF
:105880009093101480930F1480919E1390919F1306
:10589000029709F044C059E5C51652E0D506E10467
:1058A000F104ECF580903A0290903B02A0903C020B
:1058B000B0903D022AE037ED43E25CE3C501B4015C
:1058C0000E94779A18165CF520E030E040E85FE32C
:1058D000609142027091430280914402909145028E
:1058E0000E947A97811105C02FE632E143E85AE31E
:1058F00004C020E236E746E25BE3C501B4010E9442
:10590000F09860933A0270933B0280933C0290932C
:105910003D0281E090E090939F1380939E138091CD
:105920009E1390919F13099791F480913802909162
:105930003902019711F48DE190E090933902809340
:10594000380288E090E090939F1380939E1380919B
:105950009E1390919F130B9791F480910412909154
:105960000512019710F481E090E090930512809366
:1059700004128AE090E090939F1380939E1380918D
:105980009E1390919F130F9711F539E5C31632E0DE
:10599000D306E104F104DCF4E0913802F09139021D
:1059A000EE0FFF1FEE0FFF1FEA55FD4E8081918124
:1059B000A281B3810197A109B10980839183A28358
:1059C000B3838EE090E090939F1380939E13809119
:1059D0009E1390919F13439779F549E5C41642E0D1
:1059E000D406E104F10444F580903402909035022D
:1059F000A0903602B090370220E030E040E551E45C
:105A0000C501B4010E94779A181684F420E030E0B2
:105A100040E850E4C501B4010E94F098609334025C
:105A200070933502809336029093370282E190E0C2
:105A300090939F1380939E1380919E1390919F1338
:105A4000469709F0C0C059E5C51652E0D506E104F5
:105A5000F1040CF0B8C0C0903002D0903102E09058
:105A60003202F090330220E030E040EA50E4C70117
:105A7000B6010E94779A181684F420E030E040E8DE
:105A800050E4C701B6010E94F09860933002709311
:105A90003102809332029093330285E190E08FC00F
:105AA000019709F0E5C080919E1390919F13029792
:105AB00009F090C089E5C81682E0D806E104F10437
:105AC0000CF488C080903A0290903B02A0903C0277
:105AD000B0903D0227E139ED4EEC5DE3C501B40124
:105AE0000E94779A18160CF075C029E8C21623E1B7
:105AF000D206E104F10464F520E030E040E85FE321
:105B0000609142027091430280914402909145025B
:105B10000E947A97811105C02DEC3CEC4CEC5DE3C2
:105B200004C029E43CE042E85EE3C501B4010E9400
:105B3000F09860933A0270933B0280933C029093FA
:105B40003D0266E470E080E090E00E94CF782FC0D4
:105B500026E636E646E250E4C501B4010E94779A93
:105B600018162CF520E030E040E85FE36091420237
:105B70007091430280914402909145020E947A976D
:105B8000811105C020E030E040E85FE304C02CE56F
:105B90003FE842E250E4C501B4010E94F0986093EE
:105BA0003A0270933B0280933C0290933D0266EE72
:105BB00070E080E090E00E94CF7881E090E09093E8
:105BC0009F1380939E1380916D1190916E11019798
:105BD00009F04EC080919E1390919F130F9709F08A
:105BE00047C08091641190916511A0916611B091A8
:105BF0006711893532E09307A105B105CCF1E09139
:105C00003802F0913902EE0FFF1FEE0FFF1FEA5529
:105C1000FD4E89389341A105B10594F480819181AD
:105C2000A281B3814497A109B10980839183A283A2
:105C3000B38366E470E080E090E00E94CF780CC00F
:105C400080819181A281B381885C9109A109B10908
:105C500080839183A283B38366EE70E080E090E05E
:105C60000E94CF788EE090E090939F1380939E13D4
:105C700080916D1180936C1182E30E940D78909356
:105C80004B1180934A110197D1F4809149118111F0
:105C900016C00E940779C0904511D0904611E0903F
:105CA0004711F0904811DC01CB018C199D09AE0918
:105CB000BF09893C9105A105B10508F0CFC00E943C
:105CC0000779C0904511D0904611E0904711F090AF
:105CD0004811AB01BC014C195D096E097F09409365
:105CE000411150934211609343117093441149370D
:105CF0005105610571050CF496C080914A1190918F
:105D00004B11892B09F08FC080914911813009F026
:105D10008AC080919E1390919F134297029760F4DE
:105D20008091F2119091F311019731F48AE190E0A2
:105D300090939F1380939E1380910F149091101451
:105D400081309105B1F44935524061057105CCF4BB
:105D500080910D1490910E149C012C513109223028
:105D6000310508F460C0019690930E1480930D14D1
:105D70005AC083309105B1F449355240610571052F
:105D80003CF087EE93E09093101480930F144BC077
:105D900080919E1390919F13019690939F138093EF
:105DA0009E1341C0883E33E093077CF14935524051
:105DB0006105710534F7885E9340909310148093C9
:105DC0000F14892B31F40E94184C0E94444B0E94FE
:105DD000B75180910F14909110140297B1F463E0C1
:105DE00080E00E94767563E97FE08BE397E10E9493
:105DF000D07460ED77E080E090E00E94CF7887EE8D
:105E000093E09093101480930F148091411190911E
:105E10004211A0914311B091441189359240A105DE
:105E2000B1050CF0AECF80914A118093491121C089
:105E30000E94077960938511709386118093871172
:105E40009093881193C80E940779609368117093AA
:105E5000691180936A1190936B111BCC0E94077992
:105E600060934511709346118093471190934811A8
:105E700026CFFF90EF90DF90CF90BF90AF909F9094
:105E80008F9008951F920F920FB60F9211240BB6A8
:105E90000F922F933F934F935F936F937F938F93C3
:105EA0009F93AF93BF93CF93EF93FF9323B1C09191
:105EB00002118091141190911311322F3095932378
:105EC0008223892B90916B00C227C923C82320937A
:105ED0000211CC23C1F1C0FF05C0E0910311F09184
:105EE00004111995C1FF05C0E0910511F09106114B
:105EF0001995C2FF05C0E0910711F091081119959D
:105F0000C3FF05C0E0910911F0910A111995C4FF72
:105F100005C0E0910B11F0910C111995C5FF05C05A
:105F2000E0910D11F0910E111995C6FF05C0E09199
:105F30000F11F09110111995C7FF05C0E0911111D3
:105F4000F09112111995FF91EF91CF91BF91AF91FF
:105F50009F918F917F916F915F914F913F912F9181
:105F60000F900BBE0F900FBE0F901F901895CF9300
:105F7000DF93EC018B85823028F4F894CE010E94E7
:105F80001E2701C0F8946F81788589859A85789459
:105F9000DF91CF9108958F929F92AF92BF92CF924F
:105FA000DF92EF92FF9280910F149091101404975A
:105FB00011F00C94A63B81E30E940D7890938B1115
:105FC00080938A110197D9F480918911811117C0AA
:105FD0000E940779C0908511D0908611E0908711BA
:105FE000F0908811DC01CB018C199D09AE09BF0925
:105FF000893C9105A105B10510F00C94373B0E9436
:106000000779C0908511D0908611E0908711F090AB
:1060100088119B01AC012C193D094E095F096901EA
:106020007A01209381113093821140938311509310
:10603000841139E2C316D104E104F1040CF48AC4DA
:1060400080918A1190918B11009709F0A5C18091E0
:106050008911813009F07EC48091F0119091F11185
:106060000197A9F48091EE119091EF110196823081
:10607000910529F09093EF118093EE1104C01092D6
:10608000EF111092EE111092F1111092F011809117
:10609000F0119091F1110397B9F48091EC11909166
:1060A000ED1101968230910529F09093ED118093C6
:1060B000EC1104C01092ED111092EC1182E090E00E
:1060C0009093F1118093F0118091F0119091F11162
:1060D000069709F04BC049E5C41642E0D406E10436
:1060E000F1040CF043C020E030E040E85FE3609151
:1060F00042027091430280914402909145020E94B5
:106100007A972091EC113091ED1181110CC0232B65
:1061100029F42FE632E143E05AE310C02FE632E1E2
:1061200043E85AE30BC0232B29F420E236E746EA82
:106130005AE304C020E236E746E25BE360912C02BA
:1061400070912D0280912E0290912F020E94F19861
:1061500060932C0270932D0280932E0290932F0255
:1061600085E090E09093F1118093F0118091F0110F
:106170009091F1110997C1F559E5C51652E0D50680
:10618000E104F1048CF520E030E040E85FE3609149
:1061900042027091430280914402909145020E9414
:1061A0007A97811105C02FE632E143E85AE304C033
:1061B00020E236E746E25BE3609128027091290213
:1061C00080912A0290912B020E94F19860932802FC
:1061D0007093290280932A0290932B0288E090E02A
:1061E0009093F1118093F0118091F0119091F11141
:1061F000479701F589E5C81682E0D806E104F10465
:10620000CCF48091BC119091BD11A091BE11B091C0
:10621000BF110196A11DB11D8093BC119093BD11BA
:10622000A093BE11B093BF1186E190E09093F1115D
:106230008093F0118091F0119091F1118B319105C3
:1062400011F40C94883B8F31910511F40C94593B57
:10625000839711F40C946E3B8091F0119091F111A1
:10626000889701F529E5C21622E0D206E104F1047F
:10627000CCF48091630290916402A0916502B09188
:1062800066020496A11DB11D80936302909364027F
:10629000A0936502B093660287E290E09093F111BB
:1062A0008093F0118091F0119091F1118B9789F505
:1062B00039E5C31632E0D306E104F10454F58091C8
:1062C0005F0290916002A0916102B09162024091E0
:1062D00063025091640260916502709166024550BC
:1062E00051096109710984179507A607B7075CF47E
:1062F0000496A11DB11D80935F0290936002A0934C
:106300006102B09362028AE290E09093F11180936F
:10631000F0118091F0119091F111C297B9F4809130
:1063200094119091951101968430910529F09093E4
:1063300095118093941104C01092951110929411AC
:1063400081E390E09093F1118093F0118091F0112E
:106350009091F111C59779F48091921190919311D8
:106360000196909393118093921184E390E090931F
:10637000F1118093F0118091F0119091F111C89773
:1063800009F0E8C28091901190919111019690933B
:10639000911180939011D8C2019709F0DBC249E5B1
:1063A000C41642E0D406E104F1040CF4D3C2809197
:1063B000F0119091F111069709F06DC020E030E0E6
:1063C00040E85FE360914202709143028091440291
:1063D000909145020E947A972091EC113091ED1135
:1063E00081110CC0232B29F42DEC3CEC4CE45DE333
:1063F00010C02DEC3CEC4CEC5DE30BC0232B29F4DE
:1064000029E43CE042E05EE304C029E43CE042E8E9
:106410005EE360912C0270912D0280912E0290918A
:106420002F020E94F19860932C0270932D028093AA
:106430002E0290932F0259E8C51653E1D506E104C8
:10644000F1042CF466EE70E080E090E01CC089E579
:10645000C8168BE1D806E104F1042CF46EE670E076
:1064600080E090E010C029E2C21623E2D206E104E7
:10647000F1042CF462E370E080E090E004C065E099
:1064800070E080E090E00E94CF7885E090E090930B
:10649000F1118093F0118091F0119091F111099711
:1064A00009F07FC08091811190918211A091831198
:1064B000B0918411893B3BE09307A105B105C4F578
:1064C00020E030E040E85FE36091420270914302D7
:1064D00080914402909145020E947A97811105C0F3
:1064E0002AE037ED43E25CE304C02AEA33E140ED01
:1064F0005CE3609128027091290280912A029091B8
:106500002B020E94F19860932802709329028093D5
:106510002A0290932B0268EC70E080E090E00E94E9
:10652000CF7888E090E09093F1118093F01139C01A
:1065300081379741A105B105D4F420E030E040E86F
:106540005FE3609142027091430280914402909116
:1065500045020E947A97811105C02DEC3CEC4CEC71
:106560005DE3C7CF29E43CE042E85EE3C2CF20E030
:1065700030E040E85FE36091420270914302809115
:106580004402909145020E947A97811105C020E053
:1065900030E040E85FE3ADCF2CE53FE842E250E475
:1065A000A8CF8091F0119091F111479709F051C057
:1065B00040918111509182116091831170918411E9
:1065C0008091BC119091BD11A091BE11B091BF11ED
:1065D000493B2BE052076105710584F40196A11D2A
:1065E000B11D8093BC119093BD11A093BE11B093C7
:1065F000BF1168EC70E080E090E023C0413737E1E4
:1066000053076105710524F40296A11DB11D0DC04B
:10661000493253426105710524F44496A11DB11D10
:1066200004C088539F4FAF4FBF4F8093BC119093CE
:10663000BD11A093BE11B093BF1164E670E080E07D
:1066400090E00E94CF7886E190E09093F1118093E2
:10665000F0118091F0119091F1119C012B7F2B3161
:10666000310519F0839709F04FC040918111509185
:10667000821160918311709184118091B611909173
:10668000B711493B3BE053076105710554F401968E
:106690009093B7118093B61168EC70E080E090E0C1
:1066A00019C0413727E152076105710514F40296BC
:1066B00009C0493253426105710514F4449602C081
:1066C00088539F4F9093B7118093B61164E670E0A2
:1066D00080E090E00E94CF788091F0119091F111CC
:1066E0008B31910519F48AE190E00AC08F31910550
:1066F00019F48EE190E004C0839731F482E290E0D7
:106700009093F1118093F0118091F0119091F1111B
:10671000C59709F08CC08091811190918211A09150
:106720008311B0918411813D9740A105B1057CF49E
:10673000809192119091931101969093931180936F
:10674000921168EC70E080E090E00E94CF78809138
:10675000811190918211A0918311B09184118137A0
:106760009741A105B10544F580E090E0A0E8BFE3C2
:106770008093420290934302A0934402B093450257
:106780006091921170919311072E000C880B990B58
:106790000E94809720E030E040E851E40E94F198A8
:1067A0000E94E899709393116093921164E670E0EF
:1067B00080E090E00E94CF788091811190918211C9
:1067C000A0918311B091841181379741A105B10542
:1067D00044F180E090E0A0E8BFE380934202909310
:1067E0004302A0934402B0934502609192117091CC
:1067F0009311072E000C880B990B0E94809720E0C4
:1068000030E040E253E40E94F1980E94E8997093CE
:1068100093116093921164E670E080E090E00E9432
:10682000CF7884E390E09093F1118093F011809100
:10683000F0119091F111C89709F08CC080918111ED
:1068400090918211A0918311B0918411893B9B405A
:10685000A105B1057CF48091901190919111019660
:10686000909391118093901168EC70E080E090E03B
:106870000E94CF788091811190918211A091831113
:10688000B091841189359B41A105B10544F580E0A3
:1068900090E0A0E8BFE38093420290934302A0936C
:1068A0004402B09345026091901170919111072EAE
:1068B000000C880B990B0E94809720E030E040E2AA
:1068C00052E40E94F1980E94E899709391116093AC
:1068D000901164EB70E080E090E00E94CF788091AE
:1068E000811190918211A0918311B0918411893509
:1068F0009B41A105B10544F180E090E0A0E8BFE331
:106900008093420290934302A0934402B0934502C5
:106910006091901170919111072E000C880B990BCA
:106920000E94809720E030E048EC53E40E94F19808
:106930000E94E899709391116093901164EB70E05C
:1069400080E090E00E94CF7887E390E09093F1118F
:106950008093F01180918A118093891183E30E94C2
:106960000D7890936E1180936D110197D1F4809101
:106970006C11811116C00E940779C0906811D090E7
:106980006911E0906A11F0906B11DC01CB018C1958
:106990009D09AE09BF09893C9105A105B10508F023
:1069A00072C60E940779C0906811D0906911E0907A
:1069B0006A11F0906B119B01AC012C193D094E0935
:1069C0005F0969017A012093641130936511409346
:1069D00066115093671139E2C316D104E104F10442
:1069E0000CF4E5C580916D1190916E11009709F03E
:1069F0003BC280916C11813009F0D9C52091F01112
:106A00003091F1112130310599F48091EE1190917E
:106A1000EF11019728F09093EF118093EE1104C0CD
:106A20003093EF112093EE111092F1111092F011AA
:106A30008091F0119091F111039791F48091EC11F4
:106A40009091ED11019710F481E090E09093ED1199
:106A50008093EC1182E090E09093F1118093F0111B
:106A60008091F0119091F111069709F0A6C089E587
:106A7000C81682E0D806E104F1040CF09EC020E0C4
:106A800030E040E85FE36091420270914302809100
:106A90004402909145020E947A972091EC11309126
:106AA000ED1181113CC02115310599F480902C0223
:106AB00090902D02A0902E02B0902F022FE632E18E
:106AC00043E05AE3C501B4010E947A971816A4F472
:106AD0001CC021303105F1F42FE632E143E85AE3DE
:106AE00060912C0270912D0280912E0290912F02C4
:106AF0000E947A97181674F010922C0210922D02B0
:106B000010922E0210922F0252C02FE632E143E083
:106B10005AE334C02FE632E143E85AE336C0211588
:106B20003105B9F480902C0290902D02A0902E0295
:106B3000B0902F0220E236E746EA5AE3C501B401DD
:106B40000E947A971816C4F620E236E746EA5AE31E
:106B500015C021303105A9F420E236E746E25BE3B7
:106B600060912C0270912D0280912E0290912F0243
:106B70000E947A9718160CF0BFCF03C0C501B4016C
:106B80000CC020E236E746E25BE360912C02709194
:106B90002D0280912E0290912F020E94F098609316
:106BA0002C0270932D0280932E0290932F0285E089
:106BB00090E09093F1118093F0118091F0119091F9
:106BC000F111099709F058C029E5C21622E0D20652
:106BD000E104F1040CF050C020E030E040E85FE355
:106BE000609142027091430280914402909145026B
:106BF0000E947A978090280290902902A0902A0201
:106C0000B0902B02811118C02FE632E143E85AE31D
:106C1000C501B4010E947A9718164CF01092280210
:106C20001092290210922A0210922B021FC02FE606
:106C300032E143E85AE30EC020E236E746E25BE386
:106C4000C501B4010E947A97181644F720E236E78E
:106C500046E25BE3C501B4010E94F098609328020C
:106C60007093290280932A0290932B0288E090E08F
:106C70009093F1118093F0118091F0119091F111A6
:106C8000479701F539E5C31632E0D306E104F10474
:106C9000CCF48091BC119091BD11A091BE11B09126
:106CA000BF110197A109B1098093BC119093BD1147
:106CB000A093BE11B093BF1186E190E09093F111C3
:106CC0008093F0118091F0119091F1118B31910529
:106CD00009F433C58F31910519F08332910541F5DF
:106CE00049E5C41642E0D406E104F1040CF5209114
:106CF000B6113091B7111216130634F42150310930
:106D00003093B7112093B6118B31910519F48AE1B4
:106D100090E00AC08F31910519F48EE190E004C033
:106D2000839731F482E290E09093F1118093F01117
:106D30008091F0119091F111889731F559E5C516C0
:106D400052E0D506E104F1040CF049C080916302E1
:106D500090916402A0916502B09166028E30910517
:106D6000A105B1055CF00497A109B1098093630204
:106D700090936402A0936502B093660287E290E06C
:106D80009093F1118093F0118091F0119091F11195
:106D90008B9729F589E5C81682E0D806E104F1044D
:106DA000F4F480915F0290916002A0916102B09131
:106DB000620286309105A105B1055CF00497A10936
:106DC000B10980935F0290936002A0936102B09337
:106DD00062028AE290E09093F1118093F011809129
:106DE000F0119091F111C29791F4809194119091CA
:106DF0009511019710F483E090E0909395118093A2
:106E0000941181E390E09093F1118093F0118091BF
:106E1000F0119091F111C59791F480919211909198
:106E20009311181619065CF40197909393118093AF
:106E3000921184E390E09093F1118093F01180918E
:106E4000F0119091F111C89709F0B1C380919011A0
:106E500090919111181619060CF0A9C301979093FF
:106E60009111809390119DC3019709F0A0C339E55A
:106E7000C31632E0D306E104F1040CF498C3809108
:106E8000F0119091F111069709F0C8C020E030E0B0
:106E900040E85FE3609142027091430280914402B6
:106EA000909145020E947A972091EC113091ED115A
:106EB00081113CC02115310599F480902C029090ED
:106EC0002D02A0902E02B0902F022DEC3CEC4CE451
:106ED0005DE3C501B4010E947A971816A4F41CC0A2
:106EE00021303105F1F42DEC3CEC4CEC5DE360918C
:106EF0002C0270912D0280912E0290912F020E94FF
:106F00007A97181674F010922C0210922D0210929B
:106F10002E0210922F0252C02DEC3CEC4CE45DE3AB
:106F200034C02DEC3CEC4CEC5DE336C02115310552
:106F3000B9F480902C0290902D02A0902E02B09077
:106F40002F0229E43CE042E05EE3C501B4010E9467
:106F50007A971816C4F629E43CE042E05EE315C0D7
:106F600021303105A9F429E43CE042E85EE3609178
:106F70002C0270912D0280912E0290912F020E947E
:106F80007A9718160CF0BFCF03C0C501B4010CC02E
:106F900029E43CE042E85EE360912C0270912D020E
:106FA00080912E0290912F020E94F09860932C0203
:106FB00070932D0280932E0290932F0249E8C416FD
:106FC00043E1D406E104F1042CF466EE70E080E0C5
:106FD00090E01CC059E5C5165BE1D506E104F1045B
:106FE0002CF46EE670E080E090E010C089E2C816F4
:106FF00083E2D806E104F1042CF462E370E080E05F
:1070000090E004C065E070E080E090E00E94CF78FE
:1070100085E090E09093F1118093F0118091F01150
:107020009091F111099709F0CBC080916411909172
:107030006511A0916611B0916711C0902802D0909F
:107040002902E0902A02F0902B02893B2BE0920764
:10705000A105B1050CF04FC020E030E040E85FE34F
:1070600060914202709143028091440290914502E6
:107070000E947A97811118C02AE037ED43E25CE361
:10708000C701B6010E947A9718164CF01092280298
:107090001092290210922A0210922B021FC02AE09D
:1070A00037ED43E25CE30EC02AEA33E140ED5CE3F6
:1070B000C701B6010E947A97181644F72AEA33E10D
:1070C00040ED5CE3C701B6010E94F098609328028E
:1070D0007093290280932A0290932B0268EC70E04F
:1070E00080E090E00E94CF7888E090E09093F111EA
:1070F0008093F01165C081379741A105B10584F5F2
:1071000020E030E040E85FE360914202709143028A
:1071100080914402909145020E947A97811110C09B
:107120002DEC3CEC4CEC5DE3C701B6010E947A9774
:1071300018160CF0ABCF2DEC3CEC4CEC5DE3C2CF61
:1071400029E43CE042E85EE3C701B6010E947A9779
:1071500018160CF09BCF29E43CE042E85EE3B2CF86
:1071600020E030E040E85FE360914202709143022A
:1071700080914402909145020E947A97811110C03B
:1071800020E030E040E85FE3C701B6010E947A9753
:1071900018160CF07BCF20E030E040E85FE392CFA0
:1071A0002CE53FE842E250E4C701B6010E947A971D
:1071B00018160CF06BCF2CE53FE842E250E482CF8A
:1071C0008091F0119091F111479709F051C04091D1
:1071D00064115091651160916611709167118091F1
:1071E000BC119091BD11A091BE11B091BF11493B4E
:1071F0002BE052076105710584F40197A109B109DB
:107200008093BC119093BD11A093BE11B093BF1198
:1072100068EC70E080E090E023C0413737E153072D
:107220006105710524F40297A109B1090DC0493225
:1072300053426105710524F44497A109B10904C0C2
:10724000885C9109A109B1098093BC119093BD118B
:10725000A093BE11B093BF1164E670E080E090E0AF
:107260000E94CF7886E190E09093F1118093F01125
:107270008091F0119091F1119C012B7F2B31310500
:1072800019F0839709F06DC0409164115091651118
:1072900060916611709167118091B6119091B7114C
:1072A000493B3BE053076105710524F418161906A4
:1072B00054F018C0493223E25207610571056CF0A1
:1072C0008130910599F401979093B7118093B6118D
:1072D00068EC70E080E090E02AC0413757416105DA
:1072E000710564F4823091053CF408C09C01225081
:1072F00031092231310530F4029711C084319105F2
:107300003CF417C09C0124513109243B310510F491
:10731000449705C0883C910564F0885C910990937E
:10732000B7118093B61164E670E080E090E00E94AF
:10733000CF788091F0119091F1118B31910519F472
:107340008AE190E00AC08F31910519F48EE190E056
:1073500004C0839731F482E290E09093F11180931E
:10736000F0118091F0119091F111C59709F08CC046
:107370008091641190916511A0916611B09167118F
:10738000813D9740A105B1057CF4809192119091C7
:1073900093110197909393118093921168EC70E090
:1073A00080E090E00E94CF78809164119091651107
:1073B000A0916611B091671181379741A105B10580
:1073C00044F580E090E0A0E8BFE380934202909310
:1073D0004302A0934402B0934502609192117091D0
:1073E0009311072E000C880B990B0E94809720E0C8
:1073F00030E040E851E40E94F0980E94E8997093D0
:1074000093116093921164E670E080E090E00E9436
:10741000CF788091641190916511A0916611B0911F
:10742000671181379741A105B10544F180E090E0F3
:10743000A0E8BFE38093420290934302A0934402EA
:10744000B09345026091921170919311072E000C38
:10745000880B990B0E94809720E030E040E253E4D3
:107460000E94F0980E94E899709393116093921192
:1074700064E670E080E090E00E94CF7884E390E0E2
:107480009093F1118093F0118091F0119091F1118E
:10749000C89709F08CC08091641190916511A091FA
:1074A0006611B0916711893B9B40A105B1057CF441
:1074B00080919011909191110197909391118093E7
:1074C000901168EC70E080E090E00E94CF788091AD
:1074D000641190916511A0916611B0916711893581
:1074E0009B41A105B10544F580E090E0A0E8BFE331
:1074F0008093420290934302A0934402B0934502CA
:107500006091901170919111072E000C880B990BCE
:107510000E94809720E030E040E252E40E94F09820
:107520000E94E899709391116093901164EB70E060
:1075300080E090E00E94CF78809164119091651175
:10754000A0916611B091671189359B41A105B105E4
:1075500044F180E090E0A0E8BFE380934202909382
:107560004302A0934402B093450260919011709140
:107570009111072E000C880B990B0E94809720E038
:1075800030E048EC53E40E94F0980E94E899709330
:1075900091116093901164EB70E080E090E00E94A4
:1075A000CF7887E390E09093F1118093F011809170
:1075B0006D1180936C1182E30E940D7890934B11B2
:1075C00080934A110197D1F480914911811116C01D
:1075D0000E940779C0904511D0904611E090471164
:1075E000F0904811DC01CB018C199D09AE09BF094F
:1075F000893C9105A105B10508F050C00E940779AA
:10760000C0904511D0904611E0904711F09048117C
:10761000DC01CB018C199D09AE09BF098093411192
:1076200090934211A0934311B0934411895791094B
:10763000A109B109803E9140A105B10598F480915E
:107640004A1190914B11892B69F480914911813035
:1076500049F48091F0119091F11101969093F111FC
:107660008093F01180914A11809349116FC00E945C
:107670000779609385117093861180938711909399
:1076800088110C94FF2F0E94077960936811709302
:10769000691180936A1190936B1183C90E940779D5
:1076A0006093451170934611809347119093481150
:1076B000A5CF89E5C81682E0D806E104F10414F0EC
:1076C0000C942C318091B6119091B7110196909342
:1076D000B7118093B6118EE190E014C029E5C2166F
:1076E00022E0D206E104F10414F00C942C318091D4
:1076F000B6119091B71101969093B7118093B6117E
:1077000082E290E09093F1118093F0110C942C316F
:1077100039E5C31632E0D306E104F10414F00C9409
:107720002C318091B6119091B71101969093B711B9
:107730008093B6118AE190E0E5CF49E5C41642E0B6
:10774000D406E104F1040CF4D2CA49CBFF90EF90C7
:10775000DF90CF90BF90AF909F908F9008954F9201
:107760005F926F927F928F929F92AF92BF92CF92D1
:10777000DF92EF92FF92CF93DF938091EE11909181
:10778000EF11892B09F0D1C381E090E0909370153F
:1077900080936F1510926E1510926D1510926915E9
:1077A00010926A1510926B1510926C151092651557
:1077B0001092661510926715109268151092641554
:1077C000109263151092621510926115C7EED3E006
:1077D0004091FF13509100146091011470910214B4
:1077E0008091A0119091A111A091A211B091A3112B
:1077F000481759076A077B0709F440C18091961121
:1078000090919711181619060CF038C18091A811A3
:107810009091A9110097B9F440915D1550915E15B2
:1078200060915F15709160158091EF139091F01346
:10783000A091F113B091F213481759076A077B071B
:107840000CF01CC119C0019709F018C140915D15D9
:1078500050915E1560915F15709160158091EF13E6
:107860009091F013A091F113B091F2138417950742
:10787000A607B7070CF002C1809122029091230263
:107880000E949F7840916F155091701551954195C8
:107890005109052E000C660B770B8DE697E10E94CF
:1078A0003F75E0906F15F090701527010F2C000CBC
:1078B00066087708C301B2010E948097209169157C
:1078C00030916A1540916B1550916C150E94F1989A
:1078D0004B015C016093691570936A1580936B1579
:1078E00090936C158091631590916415E80EF91EC4
:1078F000F0926415E09263158091291190912A11FC
:10790000A0912B11B0912C1184199509A609B709E2
:107910008093FF1390930014A0930114B09302146A
:107920008093291190932A11A0932B11B0932C11BD
:10793000C0908214D0908314E0908414F090851449
:10794000A7019601C701B6010E94179B0E9480976C
:107950002B013C01A5019401C501B4010E94DF97F0
:107960009B01AC01C301B2010E94F0980E948C9A65
:107970004B015C01C701B6010E948097A5019401EB
:107980000E94F0982DEC3CEC4CEC5EE30E94DF97FB
:1079900060936515709366158093671590936815CD
:1079A0000E94E8992091611530916215AB01421B4C
:1079B000530B50936E1540936D1570936215609341
:1079C00061158091A8119091A911892B01F551950C
:1079D00041955109052E000C660B770B8EE797E158
:1079E0000E943F7540916D1550916E15052E000C4B
:1079F000660B770B8091191190911A11A0911B11B0
:107A0000B0911C11841B950BA60BB70B1CC0052E47
:107A1000000C660B770B8EE797E10E943F75809113
:107A20006D1590916E15092E000CAA0BBB0B4091A1
:107A3000191150911A1160911B1170911C11840F32
:107A4000951FA61FB71F8093EF139093F013A09379
:107A5000F113B093F2138093191190931A11A0931C
:107A60001B11B0931C1188E00E940D78892B09F03E
:107A7000AFCED0931014C0930F14AACE60916515A9
:107A80007091661580916715909168150E94E8992C
:107A9000072E000C880B990B0E9480976B017C01CC
:107AA00060936515709366158093671590936815BC
:107AB0006091691570916A1580916B1590916C15A4
:107AC0000E94E8997093641560936315609159154D
:107AD00070915A1580915B1590915C150E9480976A
:107AE0004B015C01A7019601C701B6010E94F19804
:107AF0009B01AC01C501B4010E94DF974B015C0101
:107B0000A7019601C701B6010E94DF979B01AC0156
:107B1000C501B4010E94F0980E948C9A20E030E0E8
:107B200040E250E40E94DF976093691570936A15F4
:107B300080936B1590936C1581E090E090936E1597
:107B400080936D154091FF135091001460910114C2
:107B5000709102148091A0119091A111A091A21195
:107B6000B091A31184179507A607B7070CF006C1BB
:107B70008091961190919711181619060CF0FEC07D
:107B80008091220290912302880F991F0E949F7872
:107B90008091A8119091A91140916D1550916E1589
:107BA000892B01F5519541955109052E000C660B65
:107BB000770B8EE797E10E943F7540916D155091CC
:107BC0006E15052E000C660B770B809119119091A4
:107BD0001A11A0911B11B0911C11841B950BA60BBF
:107BE000B70B1CC0052E000C660B770B8EE797E1D8
:107BF0000E943F7580916D1590916E15092E000CB5
:107C0000AA0BBB0B4091191150911A1160911B11D5
:107C100070911C11840F951FA61FB71F8093EF133F
:107C20009093F013A093F113B093F2138093191172
:107C300090931A11A0931B11B0931C11C0916D1554
:107C4000D0916E15BE010D2E000C880B990B0E9471
:107C50008097209165153091661540916715509178
:107C600068150E94F1986B017C0160936515709313
:107C700066158093671590936815809161159091B2
:107C80006215C80FD91FD0936215C093611560911A
:107C9000591570915A1580915B1590915C150E9451
:107CA00080974B015C01A7019601C701B6010E94B4
:107CB000F1989B01AC01C501B4010E94DF974B0113
:107CC0005C01A7019601C701B6010E94DF979B01E5
:107CD000AC01C501B4010E94F0980E948C9A20E08A
:107CE00030E040E250E40E94DF97609369157093A2
:107CF0006A1580936B1590936C150E94E8992091FA
:107D0000631530916415AB01421B530B50937015F2
:107D100040936F1570936415609363155195419569
:107D20005109052E000C660B770B8DE697E10E943A
:107D30003F7540916F1550917015052E000C660B24
:107D4000770B8091291190912A11A0912B11B0915C
:107D50002C11841B950BA60BB70B8093FF139093EC
:107D60000014A0930114B0930214809329119093EE
:107D70002A11A0932B11B0932C11E4CE81E090E056
:107D800090936E1580936D15C7EED3E08091A81186
:107D90009091A9110097B9F440914515509146155D
:107DA00060914715709148158091EF139091F013F1
:107DB000A091F113B091F213481759076A077B0796
:107DC0000CF0B3C019C0019709F0AFC04091451540
:107DD0005091461560914715709148158091EF13A9
:107DE0009091F013A091F113B091F21384179507BD
:107DF000A607B7070CF099C0809122029091230248
:107E00000E949F788091A8119091A9110097D1F5B7
:107E10004091451550914615609147157091481550
:107E20008091EF139091F013A091F113B091F213A0
:107E3000481759076A077B070CF06CC040916D1515
:107E400050916E15519541955109052E000C660B08
:107E5000770B8EE797E10E943F7540916D15509129
:107E60006E15052E000C660B770B80911911909101
:107E70001A11A0911B11B0911C11841B950BA60B1C
:107E8000B70B38C0019709F045C040914515509196
:107E9000461560914715709148158091EF139091A8
:107EA000F013A091F113B091F21384179507A60770
:107EB000B70784F540916D1550916E15052E000C95
:107EC000660B770B8EE797E10E943F7580916D15E9
:107ED00090916E15092E000CAA0BBB0B4091191145
:107EE00050911A1160911B1170911C11840F951FF4
:107EF000A61FB71F8093EF139093F013A093F11375
:107F0000B093F2138093191190931A11A0931B113F
:107F1000B0931C1188E00E940D78892B09F036CFB0
:107F2000D0931014C0930F1431CFDF91CF91FF90F5
:107F3000EF90DF90CF90BF90AF909F908F907F9009
:107F40006F905F904F900895EF92FF920F931F9361
:107F5000CF93DF9301E010E0EE24EA94FE2CC7EE0D
:107F6000D3E04091FF13509100146091011470917F
:107F700002148091A4119091A511A091A611B09125
:107F8000A711481759076A077B0709F45FC080915A
:107F90002202909123020E949F784091FF135091FA
:107FA000001460910114709102148091A4119091B9
:107FB000A511A091A611B091A71184179507A60746
:107FC000B7072CF4F0927215E092711504C010936B
:107FD0007215009371154091711550917215052E0F
:107FE000000C660B770B8DE697E10E943F75809140
:107FF000711590917215092E000CAA0BBB0B4091C4
:10800000291150912A1160912B1170912C11840F1C
:10801000951FA61FB71F8093FF1390930014A09382
:108020000114B09302148093291190932A11A09304
:108030002B11B0932C1188E00E940D78892B09F048
:1080400090CFD0931014C0930F148BCFDF91CF91AA
:108050001F910F91FF90EF900895CF92DF92EF92D2
:10806000FF920F931F93CF93DF9380919A1190917A
:108070009B11892B09F040C020E030E040EA50E439
:108080006091B3147091B4148091B5149091B614AA
:108090000E94809920E030E048E454E40E94DF9799
:1080A0009B01AC0160E070E080E89FE30E94809952
:1080B00020EC31EE44E65CE40E94DF976B017C012A
:1080C0006091200270912102072E000C880B990B01
:1080D0000E9480979B01AC01C701B6010E94F098F5
:1080E0000E94E899709323026093220282E090E05C
:1080F0009093F3118093F21101E010E0EE24EA94E2
:10810000FE2CC7EED3E04091661450916714609145
:108110006814709169148091FF1390910014A091DC
:108120000114B0910214481759076A077B0709F434
:108130005FC080912202909123020E949F7840911B
:10814000661450916714609168147091691480915D
:10815000FF1390910014A0910114B09102144817DC
:1081600059076A077B072CF4F0927215E09271159B
:1081700004C01093721500937115409171155091C0
:108180007215052E000C660B770B8DE697E10E94A9
:108190003F758091711590917215092E000CAA0BF4
:1081A000BB0B4091291150912A1160912B117091B4
:1081B0002C11840F951FA61FB71F8093FF13909358
:1081C0000014A0930114B09302148093291190938A
:1081D0002A11A0932B11B0932C1188E00E940D78E6
:1081E000892B09F090CFD0931014C0930F148BCF2C
:1081F000DF91CF911F910F91FF90EF90DF90CF9083
:1082000008954F925F926F927F92AF92BF92CF92FA
:10821000DF92EF92FF920F931F93CF93DF9301E0D2
:1082200010E0EE24EA94FE2C9EEFC92EDD24DA94B1
:1082300022E0A22EB12CC7EED3E0809139159091A7
:108240003A15A0913B15B0913C154091EF13509118
:10825000F0136091F1137091F21384179507A6073C
:10826000B70709F46AC084179507A607B7072CF467
:10827000F0923815E092371509C0481759076A0778
:108280007B0724F410933815009337152C013D011A
:1082900023E1420E511C611C711C441655066606F2
:1082A000770624F4D0923815C09237154397A10968
:1082B000B109481759076A077B0724F4B0923815AB
:1082C000A092371580912402909125020E949F78F8
:1082D00040913715509138152A01550F66087708D7
:1082E000B301A2018EE797E10E943F7540911911F9
:1082F00050911A1160911B1170911C11440D551D64
:10830000661D771D4093EF135093F0136093F113A4
:108310007093F2134093191150931A1160931B112B
:1083200070931C1188E00E940D78892B09F085CF8D
:10833000D0931014C0930F1480CFDF91CF911F9171
:108340000F91FF90EF90DF90CF90BF90AF907F9014
:108350006F905F904F9008954F925F926F927F92CF
:10836000AF92BF92CF92DF92EF92FF920F931F9343
:10837000CF93DF930FEF1FEFEE24E394F12C92E005
:10838000C92ED12C2EEFA22EBB24BA94C7EED3E077
:1083900040917E1450917F146091801470918114EB
:1083A0008091FF1390910014A0910114B0910214D8
:1083B000481759076A077B0709F46AC084179507AD
:1083C000A607B7072CF4F0923815E092371509C0CC
:1083D000481759076A077B0724F410933815009350
:1083E00037152C013D0124E1420E511C611C711C0A
:1083F000441655066606770624F4D0923815C092C6
:1084000037154497A109B109481759076A077B072F
:1084100024F4B0923815A0923715809124029091DF
:1084200025020E949F7840913715509138152A01F6
:10843000550F66087708B301A2018DE697E10E9407
:108440003F754091291150912A1160912B11709123
:108450002C11440D551D661D771D4093FF1350933D
:1084600000146093011470930214409329115093E7
:108470002A1160932B1170932C1188E00E940D78C3
:10848000892B09F085CFD0931014C0930F1480CF9F
:10849000DF91CF911F910F91FF90EF90DF90CF90E0
:1084A000BF90AF907F906F905F904F9008952F9204
:1084B0003F924F925F926F927F928F929F92AF9274
:1084C000BF92CF92DF92EF92FF920F931F93CF93C1
:1084D000DF9300D01F92CDB7DEB7209126023091F6
:1084E000270297E1C92E95E1D92E47EFE42E44E10A
:1084F000F42E67ED74E157EB252E54E1352EA2E6FC
:10850000B4E1E9E3AE2EE5E1BE2EA1018B0180E0EE
:1085100090E08217930724F5F601119211921192BF
:1085200011926F01F70111921192119211927F0134
:10853000F80111921192119211928F01FA01119288
:10854000119211921192AF011D921D921D921D92D6
:10855000F50111921192119211925F010196D9CFFA
:10856000E0919811F0919911309709F0BFC0809176
:10857000EE119091EF11009709F045C58091091710
:1085800090910A17A0910B17B0910C17442755270B
:10859000BA01481B590B6A0B7B0B4093F71450939D
:1085A000F8146093F9147093FA144093FB145093E9
:1085B000FC146093FD147093FE144093FF145093C9
:1085C0000015609301157093021510920315109217
:1085D00004151092051510920615109207151092A9
:1085E00008151092091510920A1510920B15109289
:1085F0000C1510920D1510920E1510920F15109269
:108600001015109211151092121510921315109248
:108610001415109215151092161510921715109228
:1086200018151092191510921A1510921B15109208
:108630001C1510921D1510921E1510921F151092E8
:108640002015109221151092221540915F02509131
:108650006002609161027091620240932315509311
:108660002415609325157093261540932715509374
:1086700028156093291570932A1540932B15509354
:108680002C1560932D1570932E1540932F15509334
:108690003015609331157093321510923315109286
:1086A000341510923515109236152091A81130917D
:1086B000A9112130310509F0AEC08093F7149093D1
:1086C000F814A093F914B093FA148093FB149093C8
:1086D000FC14A093FD14B093FE148093FF149093A8
:1086E0000015A0930115B093021595C0E530F10572
:1086F00009F091C080918C1190918D119195819587
:1087000091092C01990F6608770840918E115091BC
:108710008F1188249924841A950A092C000CAA0820
:10872000BB0887EBE82E84E1F82E00E010E002178A
:1087300013077CF4DB014D925D926D927D92BD0139
:10874000D7018D929D92AD92BD927D010F5F1F4F1B
:10875000EECF8091A8119091A911892B91F46A0113
:10876000550FEE08FF0840E050E0421753074CF465
:10877000D101CD92DD92ED92FD921D014F5F5F4FD1
:10878000F4CF8091EE119091EF11009789F510923E
:10879000D7141092D8141092D9141092DA1410929F
:1087A000F3141092F4141092F5141092F61410921F
:1087B000C7141092C8141092C9141092CA141092BF
:1087C000CB141092CC141092CD141092CE1410929F
:1087D000CF141092D0141092D1141092D21410927F
:1087E000D3141092D4141092D5141092D61413C02E
:1087F000019709F015C71092D7141092D81410924F
:10880000D9141092DA141092F3141092F4141092F6
:10881000F5141092F6148091EE119091EF110097DB
:1088200009F06BC24091D8115091D9116091DA11C1
:108830007091DB118091F7149091F814A091F914C4
:10884000B091FA14840F951FA61FB71F0091B7149B
:108850001091B8142091B9143091BA14800F911F5F
:10886000A21FB31F8093391590933A15A0933B151F
:10887000B0933C158091FB149091FC14A091FD14D1
:10888000B091FE14840F951FA61FB71F0091BB1453
:108890001091BC142091BD143091BE14800F911F13
:1088A000A21FB31F80933D1590933E15A0933F15D3
:1088B000B09340158091FF1490910015A09101157F
:1088C000B0910215840F951FA61FB71F4091BF14CA
:1088D0005091C0146091C1147091C214840F951FFF
:1088E000A61FB71F8093411590934215A09343157F
:1088F000B0934415409103155091041560910515EE
:10890000709106158091D0119091D111A091D21142
:10891000B091D311840F951FA61FB71F4091C314A8
:108920005091C4146091C5147091C614840F951FA2
:10893000A61FB71F8093451590934615A093471522
:10894000B09348158091AE119091AF11A091B011E4
:10895000B091B1114091071550910815609109151A
:1089600070910A15480F591F6A1F7B1F0091C71489
:108970001091C8142091C9143091CA14400F511F8E
:10898000621F731F4093491550934A1560934B150E
:1089900070934C1540910B1550910C1560910D156D
:1089A00070910E15480F591F6A1F7B1F0091CB1441
:1089B0001091CC142091CD143091CE14400F511F42
:1089C000621F731F40934D1550934E1560934F15C2
:1089D0007093501540910F1550911015609111151D
:1089E00070911215480F591F6A1F7B1F0091CF14F9
:1089F0001091D0142091D1143091D214400F511FF6
:108A0000621F731F40935115509352156093531575
:108A100070935415409113155091141560911515CC
:108A200070911615840F951FA61FB71F4091D31480
:108A30005091D4146091D5147091D614840F951F61
:108A4000A61FB71F8093551590935615A0935715E1
:108A5000B0935815C090AA11D090AB11E090AC1112
:108A6000F090AD118091171590911815A0911915DE
:108A7000B0911A158C0D9D1DAE1DBF1D4091D714D0
:108A80005091D8146091D9147091DA14840F951F05
:108A9000A61FB71F8093621490936314A09364146D
:108AA000B093651440911B1550911C1560911D15D4
:108AB00070911E158091D4119091D511A091D6116D
:108AC000B091D711840F951FA61FB71F4091DB14DB
:108AD0005091DC146091DD147091DE14840F951FA9
:108AE000A61FB71F8093661490936714A093681411
:108AF000B093691440911F15509120156091211574
:108B0000709122158091CC119091CD11A091CE1130
:108B1000B091CF11840F951FA61FB71F4091DF148E
:108B20005091E0146091E1147091E214840F951F4C
:108B3000A61FB71F80936A1490936B14A0936C14B4
:108B4000B0936D148091BC119091BD11A091BE1194
:108B5000B091BF11409123155091241560912515B6
:108B600070912615480F591F6A1F7B1F0091E3144F
:108B70001091E4142091E5143091E614400F511F38
:108B8000621F731F40936E1450936F1460937014A0
:108B900070937114409127155091281560912915F3
:108BA00070912A15480F591F6A1F7B1F0091E71407
:108BB0001091E8142091E9143091EA14400F511FEC
:108BC000621F731F40937214509373146093741454
:108BD0007093751440912B1550912C1560912D15A3
:108BE00070912E15480F591F6A1F7B1F0091EB14BF
:108BF0001091EC142091ED143091EE14400F511FA0
:108C0000621F731F40937614509377146093781407
:108C10007093791440912F15509130156091311552
:108C200070913215480F591F6A1F7B1F0091EF1476
:108C30001091F0142091F1143091F214400F511F53
:108C4000621F731F40937A1450937B1460937C14BB
:108C500070937D148091331590913415A091351542
:108C6000B09136158C0D9D1DAE1DBF1D4091F314A6
:108C70005091F4146091F5147091F614840F951FBF
:108C8000A61FB71F80937E1490937F14A093801427
:108C9000B0938114EF2BA9F58091C4119091C51167
:108CA000A091C611B091C71140915F02509160022E
:108CB0006091610270916202841B950BA60BB70B49
:108CC0008093821490938314A0938414B09385149A
:108CD0008091C8119091C911A091CA11B091CB1186
:108CE0004091091750910A1760910B1770910C175A
:108CF000841B950BA60BB70B1CC0019709F090C401
:108D00003AC28091C4119091C511A091C611B09141
:108D1000C7118093821490938314A0938414B0930A
:108D200085148091C8119091C911A091CA11B09178
:108D3000CB118093591590935A15A0935B15B0935E
:108D40005C150091EE111091EF110115110509F05C
:108D500042C08091A8119091A911C090C811D090E3
:108D6000C911E090CA11F090CB11A7019601892B8F
:108D7000C9F4C701B6010E94179B0E94809720E0AA
:108D800030E040E05FE30E94DF970E948C9A4B0145
:108D90005C0160914115709142158091431590914D
:108DA000441545C0C701B6010E94179B0E948097D9
:108DB00020E030E040E05FE30E94DF970E948C9A61
:108DC0004B015C01609141157091421580914315F2
:108DD0009091441557C00130110509F06FC0809182
:108DE000A8119091A911C090C811D090C911E0901C
:108DF000CA11F090CB11A7019601892B59F5C70133
:108E0000B6010E94179B0E94809720E030E040E06E
:108E10005FE30E94DF970E948C9A4B015C01609196
:108E2000491570914A1580914B1590914C150E94EF
:108E300080972B013C01C701B6010E948097A501D4
:108E400094010E94F0989B01AC01C301B2010E9401
:108E5000F0982AC0C701B6010E94179B0E94809714
:108E600020E030E040E05FE30E94DF970E948C9AB0
:108E70004B015C016091491570914A1580914B1529
:108E800090914C150E9480972B013C01C701B601BF
:108E90000E948097A50194010E94F0989B01AC016B
:108EA000C301B2010E94F1980E94E89960935D1598
:108EB00070935E1580935F15909360158091981163
:108EC00090919911892BA1F5809166149091671466
:108ED000A0916814B09169148093A4119093A51186
:108EE000A093A611B093A711012B49F480916A14A5
:108EF00090916B14A0916C14B0916D1408C0809186
:108F0000721490917314A0917414B091751480939D
:108F1000A0119093A111A093A211B093A3118091DD
:108F2000761490917714A0917814B09179144CC074
:108F300080916A1490916B14A0916C14B0916D148F
:108F40008093A4119093A511A093A611B093A7119B
:108F50000115110549F480916E1490916F14A09140
:108F60007014B091711420C001301105A9F48091E2
:108F7000AA119091AB11A091AC11B091AD1140919B
:108F8000CC115091CD116091CE117091CF11481735
:108F900059076A077B0744F0809176149091771403
:108FA000A0917814B09179148093A0119093A1119D
:108FB000A093A211B093A31180917A1490917B1485
:108FC000A0917C14B0917D1480939C1190939D117D
:108FD000A0939E11B0939F110F900F900F900F9040
:108FE000DF91CF911F910F91FF90EF90DF90CF9085
:108FF000BF90AF909F908F907F906F905F904F90B9
:109000003F902F900895019709F005CC1092F71426
:109010001092F8141092F9141092FA141092FB1492
:109020001092FC141092FD141092FE141092FF1472
:10903000109200151092011510920215109203154E
:10904000109204151092051510920615109207152E
:10905000109208151092091510920A1540910917DF
:1090600050910A1760910B1770910C178827992758
:10907000DC01841B950BA60BB70B80930B1590930B
:109080000C15A0930D15B0930E1580930F159093AA
:109090001015A0931115B09312158093131590938A
:1090A0001415A0931515B093161580915F02909139
:1090B0006002A0916102B0916202809317159093B3
:1090C0001815A0931915B0931A1580931B1590933A
:1090D0001C15A0931D15B0931E1580931F1590931A
:1090E0002015A0932115B0932215809323159093FA
:1090F0002415A0932515B0932615809327159093DA
:109100002815A0932915B0932A1510922B151092AB
:109110002C1510922D1510922E1510922F151092BD
:1091200030151092311510923215809333159093AB
:109130003415A0933515B09336158091A8119091F0
:10914000A9110197C1F440930B1550930C1560932E
:109150000D1570930E1540930F15509310156093D5
:1091600011157093121540931315509314156093B5
:109170001515709316158091AE119091AF11A091B5
:10918000B011B091B1114091F7145091F814609161
:10919000F9147091FA14480F591F6A1F7B1F009130
:1091A000B7141091B8142091B9143091BA14400F2B
:1091B000511F621F731F4093391550933A156093E6
:1091C0003B1570933C154091FB145091FC14609139
:1091D000FD147091FE14480F591F6A1F7B1F0091E8
:1091E000BB141091BC142091BD143091BE14400FDB
:1091F000511F621F731F40933D1550933E1560939E
:109200003F15709340154091FF14509100156091E7
:10921000011570910215480F591F6A1F7B1F00919D
:10922000BF141091C0142091C1143091C214400F8A
:10923000511F621F731F4093411550934215609355
:109240004315709344154091031550910415609196
:10925000051570910615840F951FA61FB71F409125
:10926000C3145091C4146091C5147091C614840F36
:10927000951FA61FB71F8093451590934615A09381
:109280004715B09348154091071550910815609106
:10929000091570910A158091D0119091D111A0916A
:1092A000D211B091D311840F951FA61FB71F409103
:1092B000C7145091C8146091C9147091CA14840FD6
:1092C000951FA61FB71F8093491590934A15A09329
:1092D0004B15B0934C154091D8115091D911609114
:1092E000DA117091DB1180910B1590910C15A09102
:1092F0000D15B0910E15840F951FA61FB71F009175
:10930000CB141091CC142091CD143091CE14800F39
:10931000911FA21FB31F80934D1590934E15A093DC
:109320004F15B093501580910F1590911015A09185
:109330001115B0911215840F951FA61FB71F00912C
:10934000CF141091D0142091D1143091D214800FE9
:10935000911FA21FB31F8093511590935215A09394
:109360005315B09354158091131590911415A09135
:109370001515B0911615840F951FA61FB71F4091A4
:10938000D3145091D4146091D5147091D614840FD5
:10939000951FA61FB71F8093551590935615A09340
:1093A0005715B09358154091D4115091D511609133
:1093B000D6117091D7118091171590911815A09121
:1093C0001915B0911A15840F951FA61FB71F00918C
:1093D000D7141091D8142091D9143091DA14800F39
:1093E000911FA21FB31F8093621490936314A093E4
:1093F0006414B093651480911B1590911C15A09175
:109400001D15B0911E15840F951FA61FB71F009143
:10941000DB141091DC142091DD143091DE14800FE8
:10942000911FA21FB31F8093661490936714A0939B
:109430006814B09369140091BC111091BD11209172
:10944000BE113091BF1180911F1590912015A091F0
:109450002115B0912215800F911FA21FB31FC0903C
:10946000DF14D090E014E090E114F090E2148C0D41
:109470009D1DAE1DBF1D80936A1490936B14A09325
:109480006C14B0936D148091231590912415A091C4
:109490002515B0912615800F911FA21FB31FC090F4
:1094A000E314D090E414E090E514F090E6148C0DF1
:1094B0009D1DAE1DBF1D80936E1490936F14A093DD
:1094C0007014B09371148091271590912815A09174
:1094D0002915B0912A15800F911FA21FB31F00916B
:1094E000E7141091E8142091E9143091EA14800FE8
:1094F000911FA21FB31F8093721490937314A093B3
:109500007414B093751440902B1550902C156090E6
:109510002D1570902E158091CC119091CD11A091A8
:10952000CE11B091CF1189839A83AB83BC83809095
:10953000EB149090EC14A090ED14B090EE14840D08
:10954000951DA61DB71D880D991DAA1DBB1D8093D5
:10955000761490937714A0937814B0937914809133
:10956000AA119091AB11A091AC11B091AD11C09026
:109570002F15D0903015E0903115F0903215C80EAF
:10958000D91EEA1EFB1E0091EF141091F0142091D9
:10959000F1143091F2140C0D1D1D2E1D3F1D009372
:1095A0007A1410937B1420937C1430937D140091D3
:1095B0003315109134152091351530913615400F23
:1095C000511F621F731F0091F3141091F414209126
:1095D000F5143091F614400F511F621F731F409312
:1095E0007E1450937F1460938014709381142981AA
:1095F0003A814B815C81281739074A075B0784F45D
:10960000840D951DA61DB71D880E991EAA1EBB1E92
:109610008092761490927714A0927814B092791474
:10962000EF2B09F06ECB4091C4115091C5116091A0
:10963000C6117091C71180915F0290916002A09154
:109640006102B0916202840F951FA61FB71F80931D
:10965000821490938314A0938414B0938514409142
:10966000C8115091C9116091CA117091CB118091AC
:10967000091790910A17A0910B17B0910C17840F3E
:10968000951FA61FB71F55CB8F929F92AF92BF9287
:10969000CF92DF92EF92FF920F931F93C0907515B8
:1096A000D0907615E0907715F0907815A701960187
:1096B00060918C1570918D1580918E1590918F15FC
:1096C0000E94F0984B015C0120E030E0A9010E946B
:1096D000779A18165CF42CEE31E548EB5DE3C50192
:1096E000B4010E94779A18165CF044C02CEE31E564
:1096F00048EB5DEBC501B4010E947A9787FF3AC041
:10970000C0928C15D0928D15E0928E15F0928F1527
:1097100020E030E0A901C701B6010E94779A18162F
:1097200024F0F7FAF094F7F8F09407E815E121E057
:1097300044E0C701B6010E940D95B80185E297E1AA
:109740000E94B57280910F1490911014892B91F49E
:1097500063E086E00E94767585E297E11F910F91A4
:10976000FF90EF90DF90CF90BF90AF909F908F9041
:109770000C94BD751F910F91FF90EF90DF90CF90EB
:10978000BF90AF909F908F9008950F931F93CF93AA
:10979000DF93C0917315D091741560914702709159
:1097A00048026C1B7D0B77FF03C0719561957109B1
:1097B000072E000C880B990B0E94809723E333E35C
:1097C00043EF5FE30E94779A18166CF5D093480236
:1097D000C0934702BE01D7FF03C07195619571091F
:1097E000072E000C880B990B0E94809702E815E168
:1097F00020E044E00E940D95B8018FE197E10E94BE
:10980000B57280910F1490911014892B61F462E06D
:1098100086E00E9476758FE197E1DF91CF911F91ED
:109820000F910C94BD75DF91CF911F910F91089509
:1098300062E080E00E94767568EA7FE08BE397E162
:109840000E94D07462E08EE00E94767566E276E057
:109850008BE397E10E94D07463E080E00E9476750C
:1098600067EB7FE08BE397E10C94D0740F931F9329
:10987000CF93DF9382E30E940D78EC0190938115E2
:10988000809380150197D1F480917F15811116C0C6
:109890000E94077900917B1510917C1520917D1510
:1098A00030917E15DC01CB01801B910BA20BB30B19
:1098B000893C9105A105B10508F040C00E940779D7
:1098C00000917B1510917C1520917D1530917E15AE
:1098D000DC01CB01801B910BA20BB30B89379105E7
:1098E000A105B10514F1CD2B01F580917F158130D3
:1098F000E1F48091F2119091F3110297B1F480910B
:10990000F4119091F511892B81F481E090E090930E
:10991000F3118093F21162E08FE00E9476756CEC97
:109920007FE08BE397E10E94D07480918015809353
:109930007F15DF91CF911F910F9108950E940779B4
:1099400060937B1570937C1580937D1590937E15A5
:10995000B5CF8F929F92AF92BF92EF92FF920F93EB
:109960001F93CF93DF938091EE119091EF110197A8
:1099700009F093C08091961190919711029709F088
:109980008CC04091AA115091AB116091AC117091B3
:10999000AD118091CC119091CD11A091CE11B091CB
:1099A000CF11481759076A077B070CF076C001E012
:1099B00010E0EE24EA94FE2CC7EED3E04091FF13B2
:1099C00050910014609101147091021480919C11C7
:1099D00090919D11A0919E11B0919F114817590728
:1099E0006A077B0709F459C08091220290912302F3
:1099F0000E949F7840917A1450917B1460917C145E
:109A000070917D148091FF1390910014A091011426
:109A1000B0910214481759076A077B072CF4F0929B
:109A20007215E092711504C01093721500937115B0
:109A300040917115509172154A01550FAA08BB0843
:109A4000B501A4018DE697E10E943F75409129116F
:109A500050912A1160912B1170912C11480D591DB4
:109A60006A1D7B1D4093FF135093001460930114F3
:109A7000709302144093291150932A1160932B1173
:109A800070932C1188E00E940D78892B09F096CFF5
:109A9000D0931014C0930F1491CFDF91CF911F91E9
:109AA0000F91FF90EF90BF90AF909F908F9008958F
:109AB0004F925F926F927F928F929F92AF92BF92DE
:109AC000CF92DF92EF92FF920F931F93CF93DF938A
:109AD0008091EE119091EF118130910509F0B6C39C
:109AE0001092701510926F1590936E1580936D15EE
:109AF0001092691510926A1510926B1510926C15E0
:109B000010926515109266151092671510926815DF
:109B100010926415109263151092621510926115DF
:109B20004091FF1350910014609101147091021440
:109B30008091A0119091A111A091A211B091A311B7
:109B4000481759076A077B0709F444C180919611A9
:109B500090919711181619060CF03CC18091A8112C
:109B60009091A9110097B9F440915D1550915E153F
:109B700060915F15709160158091EF139091F013D3
:109B8000A091F113B091F213481759076A077B07A8
:109B90000CF020C119C0019709F01CC140915D155E
:109BA00050915E1560915F15709160158091EF1373
:109BB0009091F013A091F113B091F21384179507CF
:109BC000A607B7070CF006C18091220290912302EC
:109BD000880F991F0E949F788091A8119091A911D8
:109BE000C0906D15D0906E15892B69F544275527C7
:109BF0004C195D09052E000C660B770B8EE797E17B
:109C00000E943F750D2C000CEE08FF088091191181
:109C100090911A11A0911B11B0911C118C199D09E2
:109C2000AE09BF098093EF139093F013A093F11343
:109C3000B093F2138093191190931A11A0931B11F2
:109C4000B0931C1126C00D2C000CEE08FF08B701C4
:109C5000A6018EE797E10E943F75809119119091BE
:109C60001A11A0911B11B0911C11C80ED91EEA1E29
:109C7000FB1EC092EF13D092F013E092F113F0921A
:109C8000F213C0921911D0921A11E0921B11F092A6
:109C90001C11C0916D15D0916E15BE010D2E000CDA
:109CA000880B990B0E94809720916515309166155D
:109CB00040916715509168150E94F1984B015C0125
:109CC000609365157093661580936715909368157A
:109CD0008091611590916215C80FD91FD0936215BC
:109CE000C0936115C0905915D0905A15E0905B153E
:109CF000F0905C15A7019601C701B6010E94179B61
:109D00000E9480972B013C01A5019401C501B4017B
:109D10000E94DF979B01AC01C301B2010E94F09841
:109D20000E948C9A4B015C01C701B6010E9480978A
:109D3000A50194010E94F09820E030E040E250E458
:109D40000E94DF976093691570936A1580936B1575
:109D500090936C150E94E8992091631530916415D9
:109D6000EB01C21BD30BD0937015C0936F1570938A
:109D7000641560936315442755274C1B5D0B052E16
:109D8000000C660B770B8DE697E10E943F75CE01C4
:109D9000DD0FAA0BBB0B4091291150912A11609144
:109DA0002B1170912C118A019B01081B190B2A0B96
:109DB0003B0B0093FF131093001420930114309376
:109DC00002140093291110932A1120932B11309320
:109DD0002C11A6CE6091691570916A1580916B1552
:109DE00090916C150E94E899072E000C880B990B36
:109DF0000E9480976B017C016093691570936A15CE
:109E000080936B1590936C15609165157091661534
:109E100080916715909168150E94E899709362157A
:109E20006093611560918214709183148091841401
:109E3000909185140E9480974B015C01A7019601C7
:109E4000C701B6010E94F1989B01AC01C501B401A4
:109E50000E94DF974B015C01A7019601C701B60183
:109E60000E94DF979B01AC01C501B4010E94F098EC
:109E70000E948C9A2DEC3CEC4CEC5EE30E94DF9748
:109E800060936515709366158093671590936815B8
:109E900081E090E09093701580936F15C7EED3E04A
:109EA0004091FF13509100146091011470910214BD
:109EB0008091A0119091A111A091A211B091A31134
:109EC00084179507A607B7070CF008C18091961173
:109ED00090919711181619060CF000C1809122027A
:109EE000909123020E949F7800916F151091701538
:109EF00044275527401B510B052E000C660B770B92
:109F00008DE697E10E943F754801012E000CAA08DA
:109F1000BB08C501B4010E9480972091691530915A
:109F20006A1540916B1550916C150E94F1986B0168
:109F30007C016093691570936A1580936B159093FB
:109F40006C158091631590916415080F191F10937B
:109F50006415009363158091291190912A11A091A5
:109F60002B11B0912C1188199909AA09BB0980936A
:109F7000FF1390930014A0930114B09302148093E4
:109F8000291190932A11A0932B11B0932C11609159
:109F900082147091831480918414909185140E948E
:109FA00080974B015C01A7019601C701B6010E9491
:109FB000F1989B01AC01C501B4010E94DF974B01F0
:109FC0005C01A7019601C701B6010E94DF979B01C2
:109FD000AC01C501B4010E94F0980E948C9A2DEC4E
:109FE0003CEC4CEC5EE30E94DF9760936515709348
:109FF000661580936715909368150E94E8992091E3
:10A00000611530916215AB01421B530B50936E15D5
:10A0100040936D1570936215609361158091A8113E
:10A020009091A9116A01052E000CEE08FF08892BFA
:10A0300041F5519541955109052E000C660B770BA2
:10A040008EE797E10E943F758091191190911A1146
:10A05000A0911B11B0911C118C199D09AE09BF096B
:10A060008093EF139093F013A093F113B093F21336
:10A070008093191190931A11A0931B11B0931C1186
:10A0800022C0B701A6018EE797E10E943F7540917B
:10A09000191150911A1160911B1170911C114C0DE6
:10A0A0005D1D6E1D7F1D4093EF135093F013609361
:10A0B000F1137093F2134093191150931A11609396
:10A0C0001B1170931C1188E00E940D78892B09F0F8
:10A0D000E7CED0931014C0930F14E2CE81E090E04D
:10A0E00090936E1580936D15C7EED3E08091A81103
:10A0F0009091A9110097B9F440914D1550914E15CA
:10A1000060914F15709150158091EF139091F0135D
:10A11000A091F113B091F213481759076A077B0712
:10A120000CF094C019C0019709F090C040914D15F2
:10A1300050914E1560914F15709150158091EF130D
:10A140009091F013A091F113B091F2138417950739
:10A15000A607B7070CF07AC08091220290912302E3
:10A160000E949F788091A8119091A911009749F5BC
:10A1700040914D1550914E1560914F1570915015AD
:10A180008091EF139091F013A091F113B091F2131D
:10A19000481759076A077B070CF04DC04FEF5FEF78
:10A1A000BA018EE797E10E943F7580911911909155
:10A1B0001A11A0911B11B0911C110197A109B109AD
:10A1C0002AC00197C1F540914D1550914E156091EF
:10A1D0004F15709150158091EF139091F013A0914D
:10A1E000F113B091F21384179507A607B7071CF572
:10A1F00041E050E060E070E08EE797E10E943F753B
:10A200008091191190911A11A0911B11B0911C11FC
:10A210000196A11DB11D8093EF139093F013A093AD
:10A22000F113B093F2138093191190931A11A09324
:10A230001B11B0931C1188E00E940D78892B09F046
:10A2400055CFD0931014C0930F1450CFDF91CF91FE
:10A250001F910F91FF90EF90DF90CF90BF90AF9044
:10A260009F908F907F906F905F904F9008958F9206
:10A270009F92AF92BF92EF92FF920F931F93CF9353
:10A28000DF9301E010E0EE24EA94FE2CC7EED3E069
:10A290004091491550914A1560914B1570914C159C
:10A2A0008091EF139091F013A091F113B091F213FC
:10A2B000481759076A077B0709F44EC04817590722
:10A2C0006A077B072CF4F0927A15E092791509C0A1
:10A2D00084179507A607B70724F410937A150093FF
:10A2E000791580912202909123020E949F784091DB
:10A2F000791550917A154A01550FAA08BB08B50186
:10A30000A4018EE797E10E943F7540911911509189
:10A310001A1160911B1170911C11480D591D6A1D75
:10A320007B1D4093EF135093F0136093F1137093E0
:10A33000F2134093191150931A1160931B117093EB
:10A340001C1188E00E940D78892B09F0A1CFD093D1
:10A350001014C0930F149CCFDF91CF911F910F91D8
:10A36000FF90EF90BF90AF909F908F9008954F9285
:10A370005F926F927F928F929F92AF92BF92CF9295
:10A38000DF92EF92FF920F931F93CF93DF9300D052
:10A3900000D0CDB7DEB70091621110916311C801F2
:10A3A000880F991F880F991FFC01EC5EFD4F80807C
:10A3B0009180A280B380409042025090430260900E
:10A3C000440270904502FC01E05BFE4E8081918169
:10A3D000A281B381A5019401281B390B4A0B5B0BA9
:10A3E000CA01B9010E94809720E030E040EA50E4C1
:10A3F0000E94DF9720E030E048E454E40E94809916
:10A40000A30192010E9480996B017C012CEA35EC3A
:10A4100047E257E30E947A9787FD09C0C0929715DB
:10A42000D0929815E0929915F0929A1516C02CEAE0
:10A4300035EC47E257EBC701B6010E94779A181630
:10A440006CF780E090E0A0E0B0E8809397159093DF
:10A450009815A0939915B0939A15F801EE0FFF1F68
:10A46000E45AFE4E80819181009791F03FE383167C
:10A4700032E493063FE0A306B104F9F4019709F42E
:10A48000EEC080910F1490911014892B09F0E7C051
:10A4900063E08CE00E94767562ED7FE08BE397E1EC
:10A4A0000E94D074E0916211F0916311EE0FFF1FD2
:10A4B000E45AFE4E81E090E0D0C04091EF135091FD
:10A4C000F0136091F1137091F21384169506A606AD
:10A4D000B706FCF4039709F4C2C080910F14909161
:10A4E0001014892B09F0BBC063E08CE00E947675E4
:10A4F0006BED7FE08BE397E10E94D074E0916211F5
:10A50000F0916311EE0FFF1FE45AFE4E83E090E0DE
:10A51000A4C0029709F4A3C080910F149091101465
:10A52000892B09F09CC020E030E040E85FE3C301E4
:10A53000B2010E947A9750919715409198153091E9
:10A54000991520919A15811117C0852F942FA32F4B
:10A55000B22F6C017D0120E030E0A901C701B601F6
:10A560000E94779A181624F0F7FAF094F7F8F0940E
:10A5700000E915E123E016C0852F942FA32FB22FF9
:10A580006C017D0120E030E0A901C701B6010E9405
:10A59000779A181624F0F7FAF094F7F8F09400E997
:10A5A00015E124E047E0C701B6010E940D9560E97E
:10A5B00075E189E197E10E94B57263E08DE00E9448
:10A5C000767527E030E040E050E069E177E1CE01C8
:10A5D00001960E94D572CE0101960E94BD75CE01F2
:10A5E00001960E94167363E08CE00E94767580915C
:10A5F000621190916311880F991F880F991FFC01B8
:10A60000EC5EFD4F4081518162817381FC01E05B12
:10A61000FE4E80819181A281B381481759076A0754
:10A620007B071CF461E276E00AC084179507A60751
:10A63000B7071CF46FEA76E002C06FE776E08BE3C1
:10A6400097E10E94D074E0916211F0916311EE0FD6
:10A65000FF1FE45AFE4E82E090E0918380832696AD
:10A660000FB6F894DEBF0FBECDBFDF91CF911F9123
:10A670000F91FF90EF90DF90CF90BF90AF909F90A1
:10A680008F907F906F905F904F900895CF92DF9260
:10A69000EF92FF920F931F93CF93DF9300D000D0E0
:10A6A000CDB7DEB76091FF13709100148091011453
:10A6B000909102140E9480976B017C01E0917F11C0
:10A6C000F0918011EE0FFF1FEE0FFF1FED58FE4EB1
:10A6D00060817181828193810E9480979B01AC018E
:10A6E000C701B6010E94F0989B01AC010E94F1984D
:10A6F00020E030E048E454E40E9480999058209192
:10A7000042023091430240914402509145020E941E
:10A71000809960932111709322118093231190935B
:10A72000241160E086E00E94767520E030E040E889
:10A730005FE36091420270914302809144029091E4
:10A7400045020E947A975091211140912211309137
:10A75000231120912411811117C0852F942FA32F2D
:10A76000B22F6C017D0120E030E0A901C701B601E4
:10A770000E94779A181624F0F7FAF094F7F8F094FC
:10A780000AE012E023E016C0852F942FA32FB22FEA
:10A790006C017D0120E030E0A901C701B6010E94F3
:10A7A000779A181624F0F7FAF094F7F8F0940AE084
:10A7B00012E024E047E0C701B6010E940D956AE06F
:10A7C00072E08FE297E10E94B57227E030E040E04E
:10A7D00050E06FE277E1CE0101960E94D572CE0182
:10A7E00001960E94BD75CE0101960E94167360E02D
:10A7F00085E00E94767520E030E0A901609121118A
:10A800007091221180912311909124110E94779AC6
:10A8100087FD03C061E276E002C06FEA76E08BE379
:10A8200097E10E94D07426960FB6F894DEBF0FBE53
:10A83000CDBFDF91CF911F910F91FF90EF90DF90EF
:10A84000CF900895CF92DF92EF92FF920F931F93D4
:10A85000CF93DF9300D000D0CDB7DEB76091EF1378
:10A860007091F0138091F1139091F2130E948097F0
:10A870006B017C01E0916211F0916311EE0FFF1FFB
:10A88000EE0FFF1FE05BFE4E60817181828193813C
:10A890000E9480979B01AC01C701B6010E94F0980D
:10A8A00020E030E040EA50E40E94DF9720E030E012
:10A8B00048E454E40E9480999058209142023091DB
:10A8C000430240914402509145020E948099609356
:10A8D000151170931611809317119093181161E060
:10A8E00086E00E94767520E030E040E85FE360910A
:10A8F00042027091430280914402909145020E946D
:10A900007A9750911511409116113091171120919D
:10A910001811811117C0852F942FA32FB22F6C010E
:10A920007D0120E030E0A901C701B6010E94779ABD
:10A93000181624F0F7FAF094F7F8F09400E012E01B
:10A9400023E016C0852F942FA32FB22F6C017D0119
:10A9500020E030E0A901C701B6010E94779A1816DD
:10A9600024F0F7FAF094F7F8F09400E012E024E015
:10A9700047E0C701B6010E940D9560E072E085E3F3
:10A9800097E10E94B57227E030E040E050E065E3D7
:10A9900077E1CE0101960E94D572CE0101960E9408
:10A9A000BD75CE0101960E94167361E085E00E949C
:10A9B000767520E030E0A9016091151170911611B3
:10A9C00080911711909118110E94779A87FD03C00A
:10A9D00061E276E002C06FEA76E08BE397E10E94E5
:10A9E000D07426960FB6F894DEBF0FBECDBFDF91B0
:10A9F000CF911F910F91FF90EF90DF90CF9008952E
:10AA000023E333E34BEC51E4609142027091430243
:10AA100080914402909145020E947A9761E08111F1
:10AA200010C08EE00E9476756DE17DE08BE397E1CA
:10AA30000E94D07460E08EE00E9476756DE17DE04A
:10AA40000FC08EE00E9476756FE570E18BE397E1B1
:10AA50000E94D07460E08EE00E9476756FE570E130
:10AA60008BE397E10E94D07461E083E10E947675E8
:10AA7000809162119091631101960E94A67660E028
:10AA800083E10E94767580917F11909180110196EB
:10AA90000E94A676D7DEFACD8091DA138F5F80937D
:10AAA000DA138091DF139091E013A091E113B0913C
:10AAB000E2138093DB139093DC13A093DD13B09328
:10AAC000DE130E94AA786093DF137093E0138093E3
:10AAD000E1139093E21308952F923F924F925F9269
:10AAE0006F927F928F929F92AF92BF92CF92DF929E
:10AAF000EF92FF920F931F93CF93DF9300D000D07C
:10AB0000CDB7DEB78091311190913211A091331100
:10AB1000B091341180932D1190932E11A0932F1189
:10AB2000B09330118091391190913A11A0913B115D
:10AB3000B0913C1180931D1190931E11A0931F1191
:10AB4000B093201120910B1430910C14220F331F5D
:10AB5000220F331F3A832983F901E155FC4F80808E
:10AB60009180A280B38023E333E34BEC51E4C50131
:10AB7000B4010E94809920E030E040E952E40E9454
:10AB8000DF9720E030E040E850E40E94F1980E9416
:10AB9000E8992B013C017093C8156093C71520E01C
:10ABA00030E040E05FE36091031470910414809101
:10ABB0000514909106140E94DF972FE832EC4DE5C2
:10ABC00051E40E94F1986B017C01E981FA81ED5F0B
:10ABD000FC4F20E030E040E05FE3608171818281E2
:10ABE00093810E94DF979B01AC01C701B6010E94CF
:10ABF000F1986B017C0189819A81875B9A4F9A83D6
:10AC0000898320E030E040E05FE3FC0160817181F6
:10AC1000828193810E94DF979B01AC01C701B6013D
:10AC20000E94F0986B017C0127ED33EB4DE55FE36B
:10AC3000C501B4010E94DF9720E030E040E05FE30F
:10AC40000E94DF979B01AC01C701B6010E94F198F9
:10AC500020E030E048EC53E40E94DF979B01AC0118
:10AC60006091FB137091FC138091FD139091FE1382
:10AC70000E94F09820E030E040E05FE30E94F0980E
:10AC80000E94E899072E000C880B990B0E94809770
:10AC90002091F7133091F8134091F9135091FA1362
:10ACA0000E94F0980E94E8994B015C017093C713D1
:10ACB0006093C613B201550C880B990B0E948097C4
:10ACC00020E030E040E85FE30E94F0980E948C9A18
:10ACD0006B017C01B401092C000C880B990B0E94BC
:10ACE0008097A70196010E9480992CE837E34CE0F9
:10ACF0005FE30E94DF970E94E8997093C513609309
:10AD0000C4139401261B370BB901072E000C880BC6
:10AD1000990B0E94809720E833E441E259E30E94B6
:10AD2000DF972DEC3CEC4CEC5EE30E94DF970E9439
:10AD3000E8997093C1136093C0136EE1A62EB12CF5
:10AD40007DE1E72EF12CE1E22E2E312CF7EE8F2E55
:10AD5000F3E09F2E44E2C42ED12C80910F149091E9
:10AD60001014019709F0D1C380910D1490910E1425
:10AD70004C970A9708F0C9C388E00E940D780097A5
:10AD800019F4109246020CC0019751F480914602CA
:10AD9000811106C062E370E080E090E00E94CF780D
:10ADA00088E00E940D789A838983019709F0F8C1A1
:10ADB000809146028111F4C180910D1490910E147E
:10ADC0008C31910509F060C031E0309346020E9459
:10ADD000046C0E942D6B8091C0139091C1139093CD
:10ADE000BF138093BE1360E085E00E94767562E138
:10ADF0007CE08BE397E10E94D07461E085E00E94E3
:10AE0000767562E17CE08BE397E10E94D07462E0AA
:10AE100080E00E9476756CE676E08BE397E10E9415
:10AE2000D07463E080E00E94767564EE7FE08BE38F
:10AE300097E10E94D0740E94B56A86EF9FEF9093CD
:10AE4000C3138093C2130E940D6A0E9479660E9408
:10AE5000046C0E942D6BF0920E14E0920D1462E0CF
:10AE600080E00E94767569EF7FE08BE397E10E94B6
:10AE7000D07463E080E00E9476756EE070E18BE351
:10AE800097E10E94D0748CC14D9709F089C120913F
:10AE9000C7153091C81580913E0290913F02820FF4
:10AEA000931F9093C6158093C51562E080E00E94C1
:10AEB000767563E270E18BE397E10E94D07462E003
:10AEC00080E10E9476758091C7159091C8150E9407
:10AED000A67661E276E08BE397E10E94D0748091E0
:10AEE000C5159091C6152091C7153091C815821BC4
:10AEF000930B0E94A67691E090934602E981FA8135
:10AF0000F093CD13E093CC136091C7157091C815E1
:10AF10008091CC139091CD13681779070CF43CC144
:10AF20008091BC139091BD130297029720F4709307
:10AF3000CD136093CC130091CC131091CD1301303D
:10AF4000110589F48091C4139091C5139093C31394
:10AF50008093C2138091C0139091C1139093BF133B
:10AF60008093BE135CC02091C6133091C7133E83FB
:10AF70002D83072E000C880B990B0E94809720E0F0
:10AF800030E040E85FE30E94F0980E948C9A2B0129
:10AF90003C01B801110F880B990B0E94809720E0AB
:10AFA00030E040E85FE30E94F0980E948C9A698349
:10AFB0007A838B839C83ED81FE81BF01FF0F880B19
:10AFC000990B0E948097A30192010E948099298188
:10AFD0003A814B815C810E94DF970E94E8997093CF
:10AFE000C3136093C2132D813E81261B370BB90119
:10AFF000330F880B990B0E94809720E833E441E2DD
:10B0000059E30E94DF972DEC3CEC4CEC5EE30E9490
:10B01000DF970E94E8997093BF136093BE1360910D
:10B02000C2137091C313072E000C880B990B0E945A
:10B0300080972B013C0120E030E048EC53E4609124
:10B04000B8137091B9138091BA139091BB130E94F9
:10B05000DF979B01AC01C301B2010E94F0980E94EE
:10B06000E8997093C3136093C21363E080E00E9479
:10B0700076758091BC139091BD138230910519F4BF
:10B080006CEC7CE004C0039739F469E87DE08BE365
:10B0900097E10E94D07420C068E370E18BE397E1F0
:10B0A0000E94D07463E085E00E9476752091CC13F5
:10B0B0003091CD138091CA139091CB13820F931FBF
:10B0C0000E94A67663E08BE00E9476758091C5159C
:10B0D0009091C6150E94A6760E94B56A0E940D6ADC
:10B0E0000E9479660E94046C0E942D6B20E030E083
:10B0F00048EC53E46091B8137091B9138091BA137E
:10B100009091BB130E94DF972B013C016091C21309
:10B110007091C313072E000C880B990B0E94809727
:10B120009B01AC01C301B2010E94F1980E94E89911
:10B130007093C3136093C2132091CC133091CD133D
:10B140008091C7159091C81528173907D9F48091B7
:10B150003E0290913F0218161906A4F421503109BD
:10B160003093CD132093CC13019790933F0280939B
:10B170003E028091CA139091CB1301969093CB130A
:10B180008093CA138091CC139091CD130196909324
:10B19000CD138093CC13B8CEB0920E14A0920D14A0
:10B1A00080910D1490910E144E9711F562E080E09D
:10B1B0000E94767561EE7CE08BE397E10E94D0748B
:10B1C00063E080E00E947675E091BC13F091BD13BE
:10B1D000EE0FFF1FEF5BFA4F608171818BE397E108
:10B1E0000E94D0748FE190E090930E1480930D1420
:10B1F00080910D1490910E144F9711F40E947E27A8
:10B2000080910D1490910E14809709F0D6C0809112
:10B21000BC139091BD13009729F490921014809262
:10B220000F14D3C0019709F0D0C0E0910B14F09136
:10B230000C14EE0FFF1FEE0FFF1FFA83E983EF528E
:10B24000FB4F20E030E040E450E460817181828176
:10B2500093810E94DF972B013C01E981FA81E1553E
:10B26000FC4F24E234EB4DE55FE360817181828124
:10B2700093810E94DF979B01AC01C301B2010E9440
:10B28000F09829813A81275B3A4FF9012081318179
:10B29000428153810E94F1986093C1157093C21549
:10B2A0008093C3159093C41562E080E00E94767588
:10B2B0006DE470E18BE397E10E94D07462E08BE073
:10B2C0000E947675E0910B14F0910C14EE0FFF1FA5
:10B2D000EE0FFF1FEF52FB4F2091420230914302CD
:10B2E0004091440250914502608171818281938135
:10B2F0000E94809944E050E00E94D17563E080E0B4
:10B300000E94767562E670E18BE397E10E94D0744B
:10B3100027E93FEF4FE151E46091C1157091C215EB
:10B320008091C3159091C4150E94779A63E0181616
:10B330000CF05EC184E00E9476752091420230914B
:10B34000430240914402509145026091C1157091B1
:10B35000C2158091C3159091C4150E94809944E054
:10B3600050E00E94D17563E08EE00E947675E09116
:10B370000B14F0910C14EE0FFF1FEE0FFF1FEF598F
:10B38000FB4F20E030E040E05FE36081718182812B
:10B3900093810E94DF9720914202309143024091B5
:10B3A0004402509145020E94809944E050E00E947E
:10B3B000D17530920E1420920D1480910D1490913D
:10B3C0000E14819711F40E947E2780910D149091A4
:10B3D0000E14829721F4B0920E14A0920D14809155
:10B3E0000D1490910E148097F1F48091BC139091FC
:10B3F000BD130297C1F4F0920E14E0920D1462E0B6
:10B4000080E00E9476756CEC7CE08BE397E10E9413
:10B41000D07463E080E00E9476756BE07DE08BE3A2
:10B4200097E10E94D07480910D1490910E14809732
:10B4300061F48091BC139091BD13039731F423E222
:10B4400030E030930E1420930D1480910D149091E0
:10B450000E14839791F562E080E00E94767567E7AD
:10B4600070E18BE397E10E94D07463E080E00E947A
:10B4700076756CE870E18BE397E10E94D07463E02D
:10B480008EE00E94767520914202309143024091F5
:10B490004402509145026091B8137091B9138091A4
:10B4A000BA139091BB130E94809944E050E00E942F
:10B4B000D175D0920E14C0920D1480910D149091FC
:10B4C0000E14849711F40E947E2780910D149091A0
:10B4D0000E14859709F041CCF0920E14E0920D14F1
:10B4E00062E080E00E94767561EA70E18BE397E1AB
:10B4F0000E94D07463E080E00E9476756BE07DE08E
:10B500008BE397E10E94D07425CC80912D1190910E
:10B510002E11A0912F11B0913011F89480935B17E8
:10B5200090935C17A0935D17B0935E177894809109
:10B530002D1190912E11A0912F11B0913011809367
:10B54000311190933211A0933311B0933411809341
:10B55000251190932611A0932711B0932811809163
:10B560001D1190911E11A0911F11B0912011F894FE
:10B570008093671790936817A0936917B0936A1721
:10B58000789480911D1190911E11A0911F11B0917E
:10B5900020118093391190933A11A0933B11B093ED
:10B5A0003C118093351190933611A0933711B093CD
:10B5B000381187EE93E09093101480930F14269621
:10B5C0000FB6F894DEBF0FBECDBFDF91CF911F91B4
:10B5D0000F91FF90EF90DF90CF90BF90AF909F9032
:10B5E0008F907F906F905F904F903F902F90089535
:10B5F00085E0A1CE4F925F926F927F928F929F9241
:10B60000AF92BF92CF92DF92EF92FF920F931F9370
:10B61000CF93DF93CDB7DEB72C970FB6F894DEBF8C
:10B620000FBECDBF80910F1490911014892B99F00B
:10B6300080910D1490910E14079769F080919E13DC
:10B6400090919F13029739F08091F0119091F11130
:10B65000099709F0F8C288E00E940D78009719F464
:10B66000109246020CC0019751F48091460281115C
:10B6700006C062E370E080E090E00E94CF7888E04E
:10B680000E940D78019709F0DEC280914602811177
:10B69000DAC281E0809346024090EF135090F0139D
:10B6A0006090F1137090F2134092BD155092BE1548
:10B6B0006092BF157092C015809131119091321136
:10B6C000A0913311B091341180932D1190932E11CC
:10B6D000A0932F11B09330118091391190913A11AC
:10B6E000A0913B11B0913C1180931D1190931E11BC
:10B6F000A0931F11B09320112091B3143091B41472
:10B700004091B5145091B61429833A834B835C83DE
:10B7100020E030E046E154E469817A818B819C81AC
:10B720000E94DF9720E030E048E454E40E94DF9775
:10B7300028E13DE04FE85DE40E94809920E030E0A0
:10B7400040E05FE30E94F1986B017C0120E030E073
:10B75000A9010E94779A20E030E040E05FE387FD96
:10B7600005C0C701B6010E94F19804C0C701B60127
:10B770000E94F0980E94E8997093BC156093BB15E5
:10B780004B01072E000CAA08BB08623071050CF4AF
:10B7900065C0E0916211F0916311EE0FFF1FEE0F93
:10B7A000FF1FEC5EFD4FC080D180E280F3804C141F
:10B7B0005D046E047F040CF051C0C418D508E6087F
:10B7C000F708C501B4010E9480976D837E838F8343
:10B7D0009887C701B6010E9480972D813E814F81D5
:10B7E00058850E94809969877A878B879C87C701D3
:10B7F000B601A50194010E949398B901330F880BFB
:10B80000990B0E9480979B01AC0169857A858B8595
:10B810009C850E94F0982D813E814F8158850E9421
:10B82000DF976B017C0120E030E0A9010E94779A4C
:10B8300020E030E040E05FE387FD05C0C701B601CE
:10B840000E94F19804C0C701B6010E94F0980E94BE
:10B85000E8997093BA156093B91504C01092BA159F
:10B860001092B915C501B4010E9480979B01AC01EB
:10B8700060E070E088E494E40E9480996B017C01B0
:10B8800020E030E040EA50E469817A818B819C813C
:10B890000E9480999B01AC01C701B6010E94DF970D
:10B8A0009B01AC0160E070E080E89FE30E9480991A
:10B8B00020EC31EE44E65CE40E94DF9720E030E0CB
:10B8C00040E252E40E94F0980E94E8996093B51516
:10B8D0007093B6158093B7159093B81561383EE311
:10B8E0007307810591050CF440C06B017C0140E8B1
:10B8F000C41A4EE3D40AE108F10880E89EE3A0E010
:10B90000B0E08093B5159093B615A093B715B0939A
:10B91000B815C701B6010E94809720E030E04AE7E1
:10B9200056E40E9480990E94E8997093B015609344
:10B93000AF1520E83EE3269FA001279F500D369FBC
:10B94000500D1124CA01550FAA0BBB0BA70196017C
:10B95000281B390B4A0B5B0B2093B1153093B215A2
:10B960004093B3155093B4150CC01092B1151092BA
:10B97000B2151092B3151092B4151092B015109222
:10B98000AF15E0916211F0916311EE0FFF1FEE0F02
:10B99000FF1FEC5EFD4F80819181A281B38148162B
:10B9A00059066A067B06C4F424E132E02F333244A0
:10B9B00098F484199509A609B7098093AB1590935B
:10B9C000AC15A093AD15B093AE1581E090E09A83CD
:10B9D00089830BEF19EF05C080E091E7A2E0B0E0AA
:10B9E000ECCF8091B1159091B215A091B315B091A3
:10B9F000B4150097A105B10589F04091AF1550919C
:10BA0000B01520E030E02417350734F4F801319701
:10BA1000F1F72F5F3F4FF7CF0E949F788091B515C8
:10BA20009091B6150E949F78C090B915D090BA1524
:10BA30001C141D041CF50D2C000CEE08FF08B701AA
:10BA4000A6018EE797E10E943F758091A71590911E
:10BA5000A815A091A915B091AA15C80ED91EEA1E65
:10BA6000FB1EC092A315D092A415E092A515F092EA
:10BA7000A6151092BA151092B91522C0C090BB1528
:10BA8000D090BC150D2C000CEE08FF08B701A601E4
:10BA90008EE797E10E943F758091A7159091A815B8
:10BAA000A091A915B091AA15C80ED91EEA1EFB1EB9
:10BAB000C092A315D092A415E092A515F092A615F8
:10BAC00088E00E940D78C090A315D090A415E09056
:10BAD000A515F090A6154091AB155091AC1560914D
:10BAE000AD157091AE15C416D506E606F70644F4FA
:10BAF000019731F4A981BA811196BA83A9837EC0D6
:10BB000080912D1190912E11A0912F11B091301193
:10BB1000F89480935B1790935C17A0935D17B09394
:10BB20005E17789480912D1190912E11A0912F1174
:10BB3000B09130118093311190933211A093331151
:10BB4000B09334118093251190932611A09327115F
:10BB5000B093281180911D1190911E11A0911F1179
:10BB6000B0912011F8948093671790936817A09371
:10BB70006917B0936A17789480911D1190911E11E6
:10BB8000A0911F11B09120118093391190933A1117
:10BB9000A0933B11B0933C118093351190933611D3
:10BBA000A0933711B09338114091BD155091BE1537
:10BBB0006091BF157091C0158091A3159091A41547
:10BBC000A091A515B091A615840F951FA61FB71FAC
:10BBD0008093EF139093F013A093F113B093F213AB
:10BBE0008093191190931A11A0931B11B0931C11FB
:10BBF0000E9422540E94B7511A8219828091A31583
:10BC00009091A415A091A515B091A6158093A715A4
:10BC10009093A815A093A915B093AA1529813A81EC
:10BC2000232B09F0DECE1092A3151092A4151092CA
:10BC3000A5151092A6151092A7151092A81510928E
:10BC4000A9151092AA152C960FB6F894DEBF0FBE58
:10BC5000CDBFDF91CF911F910F91FF90EF90DF90BB
:10BC6000CF90BF90AF909F908F907F906F905F909C
:10BC70004F90089520914D0230914E0222313105AE
:10BC80002CF483E393E3ABE4B1E408C0203F83E00A
:10BC900038076CF080E090ECAEE9B4E48093B31424
:10BCA0009093B414A093B514B093B61424C0C901F2
:10BCB000330FAA0BBB0B9C01AD0122513109410985
:10BCC0005109A8EEB4E00E94AF982DED33E040E0BA
:10BCD00050E00E949398CA01B901635F7F4F8F4F74
:10BCE0009F4F0E9480976093B3147093B414809315
:10BCF000B5149093B61423E333E34BEC51E4609115
:10BD0000B3147091B4148091B5149091B6140E943C
:10BD1000809960937515709376158093771590933D
:10BD2000781508950F931F9380910F14909110141C
:10BD3000892B99F080919E1390919F13479769F0FA
:10BD40008091F2119091F311019739F08091F011E7
:10BD50009091F1118C9709F09EC080917B00877FB4
:10BD600080937B0083E480937C0080917A008064E0
:10BD700080937A0080917A0086FDFCCF80917800D4
:10BD80002091790090E0922B90934E0280934D0287
:10BD900020914B0230914C02AC01421B530B9A0193
:10BDA00057FF03C031952195310940919F1550915E
:10BDB000A0156091A1157091A215263031058CF067
:10BDC00090934A028093490290934C0280934B02D5
:10BDD00040939B1550939C1560939D1570939E15F1
:10BDE00025C000919B1510919C1520919D153091B7
:10BDF0009E15401B510B620B730B453C594061056E
:10BE0000710508F52091490230914A02AC01421BAC
:10BE1000530B9A0157FF03C0319521953109223008
:10BE200031058CF090934A02809349020E94077971
:10BE300060939F157093A0158093A1159093A21500
:10BE400019DF0E94444B80919F159091A015A091FD
:10BE5000A115B091A21540919B1550919C15609130
:10BE60009D1570919E15841B950BA60BB70B853CF9
:10BE70009940A105B10578F08091490290914A025C
:10BE800020914B0230914C022817390721F09093F2
:10BE90004C0280934B021F910F910895CF92DF9235
:10BEA000EF92FF928091DF139091E013A091E11344
:10BEB000B091E213C090DB13D090DC13E090DD135F
:10BEC000F090DE13BC01CD016C197D098E099F092C
:10BED0000E947E9720912B1730912C1740912D179F
:10BEE00050912E170E94779A18160CF054C080912A
:10BEF000DF139091E013A091E113B091E213409110
:10BF0000DB135091DC136091DD137091DE13841B01
:10BF1000950BA60BB70B8038934CA94CB140D8F5C4
:10BF20008091DF139091E013A091E113B091E2139F
:10BF3000C090DB13D090DC13E090DD13F090DE13A3
:10BF4000BC01CD016C197D098E099F090E947E9765
:10BF50009B01AC0160EC71EE84E69CE40E94809948
:10BF60000E94E8996B017C01072E000C880B990B4D
:10BF70000E94809720E030E040E453E40E947A97EA
:10BF800087FF05C0109274151092731504C0D092EB
:10BF90007415C0927315FF90EF90DF90CF900895C5
:10BFA0002F923F924F925F926F927F928F929F92C9
:10BFB000AF92BF92CF92DF92EF92FF920F931F93B7
:10BFC000CF93DF93C3E0D0E00DEF1FEFEE24E394B7
:10BFD000F12C22242A94322C27EEC22E23E0D22EDA
:10BFE0004090F6125090F7126090F8127090F9128B
:10BFF0004091EF135091F0136091F1137091F2138F
:10C000008091F4119091F511441655066606770655
:10C0100011F00097A1F08090461390904713A090E4
:10C020004813B0904913481559056A057B0509F472
:10C03000A3C09C012D7F2130310509F09DC00097E0
:10C0400059F444165506660677060CF0AAC03092DD
:10C05000DA152092D915AEC09C012D7F2130310513
:10C0600021F08330910511F14CC04090461350905F
:10C07000471360904813709049134416550666069E
:10C08000770624F43092DA152092D9158130910583
:10C0900009F0A4C0441555056605770524F4F0920F
:10C0A000DA15E092D91581309105D9F64090461302
:10C0B0005090471360904813709049135301420108
:10C0C00023E1820E911CA11CB11C84169506A606C4
:10C0D000B70624F41093DA150093D9158130910531
:10C0E00011F0039771F483E1481A5108610871084F
:10C0F000441555056605770524F4D093DA15C093E9
:10C10000D9150E94364C8CEB92E00E949F784091AA
:10C11000D9155091DA152A01550F66087708B30131
:10C12000A2018EE797E10E943F754091191150914D
:10C130001A1160911B1170911C11440D551D661D43
:10C14000771D4093EF135093F0136093F1137093A6
:10C15000F2134093191150931A1160931B117093AD
:10C160001C1188E00E940D78892B09F039CFD092FC
:10C170001014C0920F1434CF019731F482E090E094
:10C180009093F5118093F4118091F4119091F51131
:10C19000039749F584E090E09093F5118093F411B2
:10C1A00022C0441555056605770524F4F092DA158A
:10C1B000E092D915D301C2014396A11DB11D841788
:10C1C0009507A607B70724F41093DA150093D9153D
:10C1D00023E1421A5108610871088ACF8330910522
:10C1E00009F458CF8ECFDF91CF911F910F91FF901F
:10C1F000EF90DF90CF90BF90AF909F908F907F9007
:10C200006F905F904F903F902F9008954F925F9264
:10C210006F927F92AF92BF92CF92DF92EF92FF9296
:10C220000F931F93CF93DF930FEF1FEFEE24E39451
:10C23000F12C93E0C92ED12C2DEFA22EBB24BA9461
:10C24000C7EED3E08091FF1390910014A0910114E8
:10C25000B0910214409196135091971360919813E6
:10C260007091991384179507A607B70709F46AC058
:10C2700084179507A607B7072CF4F092DA15E09219
:10C28000D91509C0481759076A077B0724F410938A
:10C29000DA150093D9152C013D0124E1420E511C01
:10C2A000611C711C441655066606770624F4D0926C
:10C2B000DA15C092D9154497A109B1094817590751
:10C2C0006A077B0724F4B092DA15A092D9150E9470
:10C2D000364C8CEB92E00E949F784091D91550919A
:10C2E000DA152A01550F66087708B301A2018DE619
:10C2F00097E10E943F754091291150912A11609158
:10C300002B1170912C11440D551D661D771D409306
:10C31000FF13509300146093011470930214409320
:10C32000291150932A1160932B1170932C1188E0DE
:10C330000E940D78892B09F085CFD0931014C093FB
:10C340000F1480CFDF91CF911F910F91FF90EF904D
:10C35000DF90CF90BF90AF907F906F905F904F90A5
:10C3600008952F923F924F925F926F927F928F9299
:10C370009F92AF92BF92CF92DF92EF92FF920F9374
:10C380001F93CF93DF93CDB7DEB768970FB6F894BE
:10C39000DEBF0FBECDBF8091F2119091F3110097D7
:10C3A00009F4A3C1019709F0D4C182E190E0909310
:10C3B0009F1380939E1362E080E00E94767560EE8A
:10C3C00070E18BE397E10E94D07463E080E00E940B
:10C3D000767568EE7BE08BE397E10E94D0748091E4
:10C3E0009E1390919F139C012251310922303105F7
:10C3F00008F05BC0429709F03FC062E08FE00E9406
:10C400007675C0904202D0904302E0904402F090D2
:10C41000450220E030E040E85FE3C701B6010E943A
:10C420007A972AE037ED43E25BE381110DC060911A
:10C4300034027091350280913602909137020E9449
:10C44000DF9742E050E010C06091340270913502F5
:10C4500080913602909137020E94DF97A7019601E2
:10C460000E94809943E050E00E94D17503E110E002
:10C4700010939F1300939E1311DD0E94C54BFADBAE
:10C480000E94444B63E085E00E9476758FE197E15E
:10C490000E94BD7563E08FE00E94767585E297E1AA
:10C4A0000E94BD750E947E279ACF62E080E00E94C4
:10C4B000767569E67FE08BE397E10E94D07463E0D4
:10C4C00080E00E9476756AE57CE08BE397E10E944C
:10C4D000D0746091941470919514CB01770FAA0BCE
:10C4E000BB0BE091F811F091F911EE0FFF1FEE0F69
:10C4F000FF1FEA5AFD4E0081118122813381BC0168
:10C50000CD01601B710B820B930B97FF07C09095B9
:10C510008095709561957F4F8F4F9F4F0E948097B8
:10C520002091340230913502409136025091370209
:10C530000E94809922E538EB4EEB5FE30E94F19870
:10C540006B017C0120E030E0A9010E94779A20E095
:10C5500030E040E05FE387FD05C0C701B6010E94FF
:10C56000F19804C0C701B6010E94F0980E94E899B2
:10C57000709393146093921463E08CE00E9476753C
:10C580006DE776E08BE397E10E94D07463E08CE086
:10C590000E94767580919214909193140E94A676D1
:10C5A00000919214109193141E830D838091F811C1
:10C5B0009091F911880F991F880F991FFC01EA5F6C
:10C5C000FD4EDC01AA5ABD4E4081518162817381CA
:10C5D0008D919D910D90BC91A02D8A019B01081B0E
:10C5E000190B2A0B3B0BC901B8010E9480972091BF
:10C5F00034023091350240913602509137020E9448
:10C6000080996B017C0120E030E0A9010E94779ABB
:10C610001816E4F422E538EB4EEB5FE3C701B601F0
:10C620000E94F19820E030E0A9010E94779A87FDEE
:10C6300030C022E538EB4EEB5FE3C701B6010E9444
:10C64000F19820E030E040E05FE317C0A7019601D9
:10C6500062E578EB8EEB9FE30E94F0984B015C0162
:10C6600020E030E0A9010E94779A87FD09C020E010
:10C6700030E040E05FE3C501B4010E94F19817C0CB
:10C68000A701960162E578EB8EEB9FE30E94F0989C
:10C6900008C022E538EB4EEB5FE3C701B6010E940C
:10C6A000F19820E030E040E05FE30E94F0980E94C3
:10C6B000E8990D811E81061B170B109391140093AE
:10C6C000901463E085E00E9476756DE776E08BE379
:10C6D00097E10E94D07463E085E00E9476758091B6
:10C6E0009014909191140E94A67620E030E040EAE8
:10C6F00050E46091B3147091B4148091B51490918A
:10C70000B6140E94809920E030E048E454E40E948E
:10C71000DF979B01AC0160E070E080E89FE30E943E
:10C72000809920EC31EE44E65CE40E94DF9720E043
:10C7300030E04CE053E40E94F0980E94E899709336
:10C74000D8156093D71582E090E09093F311809311
:10C75000F21106E012E186EF282E82E1382E26E45F
:10C7600033E13A87298786EA92E19E878D871C8686
:10C770001B86812C912C90E8A92E9FE3B92E8091E5
:10C78000021290910312AB85BC858A179B070CF4AB
:10C7900097C21A161B060CF0A6C0ED85FE85019007
:10C7A000F081E02DFA83E983ED85FE853497808161
:10C7B000918129813A81281B390B3A8B298B30933F
:10C7C000D6152093D515A985BA85CD90DC90119703
:10C7D000FD01349780819181F601E81BF90BFA8302
:10C7E000E983D801ED90FC90F80134978081918124
:10C7F000F701E81BF90BFE83ED83F093D415E0936A
:10C80000D315B901330F880B990B0E9480976B01E8
:10C810007C0129813A81B901330F880B990B0E9461
:10C8200080972B013C01AD81BE81BD01BB0F880B00
:10C83000990B0E9480979B01AC01C301B2010E9439
:10C84000DF97A70196010E9480990E94E8992B0129
:10C850003C0120E030E0A901C701B6010E94779AAF
:10C86000181624F0F7FAF094F7F8F09469817A81B9
:10C8700077FF03C0719561957109072E000C880B35
:10C88000990B0E9480979B01AC01C701B6010E94E1
:10C89000809969837A838B839C832DEC3CEC4CECF0
:10C8A0005DE30E94F1986B017C01E989FA89F7FF49
:10C8B00007C0F101349720813181388B2F870CC05C
:10C8C00089899A89892B41F0D1018D919C91FC0134
:10C8D000E419F509F88BEF872F853889240D351D6C
:10C8E0003E8B2D8B03C0C12CD12C76014091EF13D0
:10C8F0005091F0136091F1137091F213F101808166
:10C900009181A281B38184179507A607B70739F4EF
:10C910008091F4119091F511029708F47BC0E9859C
:10C92000FA8580819181A281B381481759076A07EE
:10C930007B0739F48091F4119091F511039709F474
:10C9400069C08F859889092E000CAA0BBB0B8D83BB
:10C950009E83AF83B8878D899E89092E000CAA0B10
:10C96000BB0B898B9A8BAB8BBC8BE9C08091D715A5
:10C970009091D8150E949F78F80140815181628181
:10C9800073818091FF1390910014A0910114B091D4
:10C990000214481759076A077B070CF04FC02FEFA6
:10C9A0003FEF3093D2152093D115C090D115D09080
:10C9B000D2150D2C000CEE08FF08B701A6018DE67C
:10C9C00097E10E943F758091291190912A11A091C1
:10C9D0002B11B0912C11C80ED91EEA1EFB1EC0925D
:10C9E000FF13D0920014E0920114F0920214C0924E
:10C9F0002911D0922A11E0922B11F0922C1188E08B
:10CA00000E940D78892B31F4A7EEB3E0B093101497
:10CA1000A0930F14D8014D915D916D917C918091FF
:10CA2000FF1390910014A0910114B09102144817C3
:10CA300059076A077B0709F099CF2CC181E090E084
:10CA40009093D2158093D115B0CF8091F41190912D
:10CA5000F5118230910508F086C08091D71590912C
:10CA6000D8150E949F788091041290910512892B0D
:10CA700009F07DC0C501B40190580E94E8997093F7
:10CA8000D0156093CF152091CF153091D015388FE8
:10CA90002F8B2901330F66087708B301A2018EE7B7
:10CAA00097E10E943F758F89988D97FF05C09195FA
:10CAB00081959109988F8F8BAF89B88DBD01BB0F80
:10CAC000880B990B0E9480979B01AC01C501B401B2
:10CAD0000E94F09820E030E040E85FE30E94F19887
:10CAE0004B015C018091191190911A11A0911B11B9
:10CAF000B0911C11480E591E6A1E7B1E4092EF1306
:10CB00005092F0136092F1137092F2134092191147
:10CB100050921A1160921B1170921C118091D315C2
:10CB20009091D415892B31F588E00E940D78892BDE
:10CB300031F487EE93E09093101480930F14F10179
:10CB400040815181628173818091EF139091F01344
:10CB5000A091F113B091F213481759076A077B07A8
:10CB600009F073CF97C0039709F477CF93C0C5013D
:10CB7000B40183CF8091041290910512009799F42B
:10CB80008D819E81AF81B88584159505A605B70571
:10CB90005CF289899A89AB89BC8984159505A605BB
:10CBA000B705C4F0C1CF019709F0BECF8D819E813A
:10CBB000AF81B885481659066A067B060CF4B4CFD7
:10CBC00089899A89AB89BC89481659066A067B0609
:10CBD0000CF0AACF8091D5159091D61597FF04C07F
:10CBE000C701B601905802C0C701B6010E94E8997A
:10CBF0007093D2156093D115A091D115B091D21533
:10CC0000B88FAF8B2D01BB0F66087708B301A20167
:10CC10008DE697E10E943F75EF89F88DF7FF05C01B
:10CC2000F195E195F109F88FEF8B2F89388DB901D6
:10CC3000330F880B990B0E9480979B01AC01C701B1
:10CC4000B6010E94F0989B01AC0169817A818B81C9
:10CC50009C810E94F1986B017C0180912911909137
:10CC60002A11A0912B11B0912C11480E591E6A1E49
:10CC70007B1E4092FF135092001460920114709238
:10CC800002144092291150922A1160922B11709235
:10CC90002C114ACFAB85BC851196BC87AB870C5F46
:10CCA0001F4FB4E02B0E311CE985FA853496FA87C4
:10CCB000E9872D853E852C5F3F4F3E872D875FCDD1
:10CCC00068960FB6F894DEBF0FBECDBFDF91CF914F
:10CCD0001F910F91FF90EF90DF90CF90BF90AF909A
:10CCE0009F908F907F906F905F904F903F902F908C
:10CCF00008954F925F926F927F928F929F92AF9220
:10CD0000BF92CF92DF92EF92FF920F931F93CF9338
:10CD1000DF93CDB7DEB72E970FB6F894DEBF0FBE08
:10CD2000CDBF8091DF139091E013A091E113B091FA
:10CD3000E2138093AE139093AF13A093B013B0930C
:10CD4000B1138091DF139091E013A091E113B091A2
:10CD5000E2130091DB131091DC132091DD1330916D
:10CD6000DE13BC01CD01601B710B820B930B0E9483
:10CD70007E972BE339E848E85CE30E94DF979B014C
:10CD8000AC0160E074E284E799E40E9480996B0151
:10CD90007C018090E3139090E413A090E513B09091
:10CDA000E61323E333E343E95FE3C501B4010E94E3
:10CDB000DF979B01AC01C701B6010E94779A181654
:10CDC000B4F02AE037ED43E85FE360911517709106
:10CDD000161780911717909118170E94DF979B01E3
:10CDE000AC01C701B6010E94779A18163CF463E0C3
:10CDF00080E00E94767565EA77E02CC02AE939E97F
:10CE000049E55FE3C501B4010E94DF979B01AC01D6
:10CE1000C701B6010E947A9787FD16C020E030E076
:10CE200040EA50E460911117709112178091131726
:10CE3000909114170E94F0989B01AC01C701B601B4
:10CE40000E947A9787FF0BC063E080E00E947675AE
:10CE50006AEB77E08BE397E10E94D07462CF2BE31B
:10CE600039E848E85CE3C701B6010E94DF979B01FF
:10CE7000AC0160E074E284E799E40E9480990E942A
:10CE8000ED994B015C016093CE137093CF138093A7
:10CE9000D0139093D113E0910B14F0910C14EE0F7A
:10CEA000FF1FEE0FFF1FE155FC4F40805180628055
:10CEB00073806091400270914102072E000C880B34
:10CEC000990B0E94809720E030E040EA50E40E94F5
:10CED000DF9720E034E244E759E40E94DF9720E046
:10CEE00030E040E752E40E94DF9769837A838B83C6
:10CEF0009C83A3019201C701B6010E94DF9720E045
:10CF000030E048E454E40E94DF979B01AC01698162
:10CF10007A818B819C810E9480990E94E899665950
:10CF200071097093B7136093B61320E030E048E4C2
:10CF300054E4C301B2010E94DF9720E030E040EAF0
:10CF400050E40E9480990E94E8997093AD13609319
:10CF5000AC138091EF139091F013A091F113B09165
:10CF6000F2138093A8139093A913A093AA13B093DC
:10CF7000AB131092A1131092A0131092CE15109221
:10CF8000CD1581E090E09093CC158093CB15C090A7
:10CF9000DF13D090E013E090E113F090E213C98228
:10CFA000DA82EB82FC82C501B4010E947E976B019C
:10CFB0007C012EEA37E441E25FE30E94DF976D8354
:10CFC0007E838F83988720E030E040E250E4C70101
:10CFD000B6010E94DF9769877A878B879C8740908C
:10CFE000DF135090E0136090E1137090E2136981B9
:10CFF0007A818B819C810E947E974B015C01C301E9
:10D00000B2010E947E972B013C012D813E814F8110
:10D010005885C501B4010E94F1989B01AC01C30180
:10D02000B2010E94779A18160CF048C06091DF1385
:10D030007091E0138091E1139091E2130E947E972A
:10D040002B013C0127ED33EA40EB5FE3C701B6015A
:10D050000E94DF97A50194010E94F1989B01AC0109
:10D06000C301B2010E947A9787FF28C04091DF1365
:10D070005091E0136091E1137091E2138091DB1302
:10D080009091DC13A091DD13B091DE13481759077E
:10D090006A077B0799F04091DF135091E01360918C
:10D0A000E1137091E21391E080E04115544A634925
:10D0B000764D08F090E09D878E8702C01E861D8603
:10D0C0006091DF137091E0138091E1139091E2136E
:10D0D0000E947E972B013C0129853A854B855C8512
:10D0E000C501B4010E94F1989B01AC01C301B201DA
:10D0F0000E94779A1816C4F02D853E85232B09F4DB
:10D100006ECF8091DF139091E013A091E113B09165
:10D11000E2138093AE139093AF13A093B013B09328
:10D12000B11307EE13E093C08091DF139091E013E9
:10D13000A091E113B091E21389839A83AB83BC83FE
:10D14000DBCF80910F1490911014019709F095C0D6
:10D150008091B6139091B7130E949F78409140023E
:10D1600050914102052E000C660B770B8EE797E17C
:10D170000E943F758091400290914102092E000C5F
:10D18000AA0BBB0B4091191150911A1160911B1100
:10D1900070911C116C017D01C40ED51EE61EF71E98
:10D1A000C982DA82EB82FC82C092EF13D092F01334
:10D1B000E092F113F092F213C0921911D0921A1169
:10D1C000E0921B11F0921C114090DF135090E0137D
:10D1D0006090E1137090E2136091AE137091AF1301
:10D1E0008091B0139091B1130E947E976B017C01E6
:10D1F0006091CE137091CF138091D0139091D11381
:10D200000E947E974B015C01C301B2010E947E9790
:10D210002B013C012EEA37E441E25FE3C501B40192
:10D220000E94DF97A70196010E94F1989B01AC0133
:10D23000C301B2010E94779A1816E4F188E00E94B7
:10D240000D78892B21F41093101400930F14609122
:10D25000EF137091F0138091F1139091F2130E94EB
:10D2600080972091EB133091EC134091ED13509186
:10D27000EE130E947A9787FD64CF8FEF9FEF909314
:10D28000CE158093CD152E960FB6F894DEBF0FBE47
:10D29000CDBFDF91CF911F910F91FF90EF90DF9065
:10D2A000CF90BF90AF909F908F907F906F905F9046
:10D2B0004F9008956091DF137091E0138091E11316
:10D2C0009091E2130E947E972B013C0127ED33EAF7
:10D2D00040EB5FE3C501B4010E94DF97A70196010F
:10D2E0000E94F1989B01AC01C301B2010E947A97A0
:10D2F00087FFA4CFE090B613F090B7138091A013EE
:10D300009091A113E81AF90AFE82ED82A090AC1365
:10D31000B090AD138091CB159091CC15A89E2001B3
:10D32000A99E500CB89E500C1124052C000C6608C8
:10D3300077084091A8135091A9136091AA13709196
:10D34000AB13440E551E661E771E01969093CC15A6
:10D350008093CB15B701FF0C880B990B0E94809727
:10D360006B017C01B501BB0C880B990B0E94809767
:10D370004B015C0169817A8164197509072E000CE3
:10D38000880B990B0E948097A50194010E94F19847
:10D3900020E030E04AE754E40E94DF97A5019401C1
:10D3A0000E948099A70196010E94DF974B015C01C2
:10D3B00020E030E04AE754E4C701B6010E94DF975D
:10D3C0009B01AC01C501B4010E94F09820E030E05F
:10D3D0004AE754E40E9480990E94E8997093A1134F
:10D3E0006093A013660F771FCD80DE806C0D7D1DCE
:10D3F0007093B7136093B6138091DF139091E0138D
:10D40000A091E113B091E2138093AE139093AF1308
:10D41000A093B013B093B11311CF4F925F926F925C
:10D420007F928F929F92AF92BF92EF92FF920F9353
:10D430001F93CF93DF930DEF1FEFEE24EA94FE2CA2
:10D44000C7EED3E06091FF13709100148091011436
:10D45000909102140E9480974B015C016091C2136D
:10D460007091C313072E000C880B990B0E948097B4
:10D470002091F7133091F8134091F9135091FA135A
:10D480000E94F1982B013C019B01AC01C501B40144
:10D490000E947A97882309F459C080910F149091C3
:10D4A0001014019709F052C020E030E040EA51E446
:10D4B000C301B2010E94F1989B01AC01C501B40106
:10D4C0000E94779A18162CF0F092CA15E092C915AE
:10D4D00004C01093CA150093C91588EE93E00E940A
:10D4E0009F784091C9155091CA154A01550FAA0855
:10D4F000BB08B501A4018DE697E10E943F754091FC
:10D50000291150912A1160912B1170912C11480D05
:10D51000591D6A1D7B1D4093FF13509300146093A7
:10D520000114709302144093291150932A116093AF
:10D530002B1170932C1188E00E940D78892B09F033
:10D5400081CFD0931014C0930F147CCFDF91CF9173
:10D550001F910F91FF90EF90BF90AF909F908F9091
:10D560007F906F905F904F900895CF92DF92EF92EF
:10D57000FF920F931F93CF93DF930FEF1FEFC7EE31
:10D58000D3E06091EF137091F0138091F1139091BB
:10D59000F2130E9480976B017C016091BE13709121
:10D5A000BF13072E000C880B990B0E9480972091C7
:10D5B000E7133091E8134091E9135091EA130E9468
:10D5C000F1989B01AC01C701B6010E947A978823AC
:10D5D000D9F180910F14909110140197A9F510932F
:10D5E000CA150093C91588EE93E00E949F784FEF0B
:10D5F0005FEFBA018EE797E10E943F7580911911A4
:10D6000090911A11A0911B11B0911C110197A109C1
:10D61000B1098093EF139093F013A093F113B0939B
:10D62000F2138093191190931A11A0931B11B093C8
:10D630001C1188E00E940D78892B09F0A2CFD093AD
:10D640001014C0930F149DCFDF91CF911F910F91B4
:10D65000FF90EF90DF90CF9008952F923F924F92DE
:10D660005F926F927F928F929F92AF92BF92CF9272
:10D67000DF92EF92FF920F931F93CF93DF932224B9
:10D680002394312C0DEF1FEFC3E0D0E06091EF1336
:10D690007091F0138091F1139091F2130E94809792
:10D6A0006B017C018090E7139090E813A090E91340
:10D6B000B090EA1320E030E040EA52E4C501B40142
:10D6C0000E94F1982B013C019B01AC01C701B601FE
:10D6D0000E947A97882309F484C080910F14909156
:10D6E0001014019709F07DC0A3019201C701B60192
:10D6F0000E94779A181634F48FEF9FEF9093CA1513
:10D700008093C915A3019201C701B6010E947A97BF
:10D7100087FF04C03092CA152092C91520E030E07E
:10D7200048E453E4C501B4010E94F1989B01AC01A7
:10D73000C701B6010E94779A87FD04C01093CA15ED
:10D740000093C91520E030E040EF52E4C501B40178
:10D750000E94F0989B01AC01C701B6010E947A9724
:10D76000181624F0D093CA15C093C91588EE93E01B
:10D770000E949F784091C9155091CA156A01550FB2
:10D78000EE08FF08B701A6018EE797E10E943F75FA
:10D790004091191150911A1160911B1170911C1137
:10D7A0004C0D5D1D6E1D7F1D4093EF135093F013C4
:10D7B0006093F1137093F2134093191150931A115F
:10D7C00060931B1170931C1188E00E940D78892BC7
:10D7D00009F05CCF87EE93E09093101480930F14C0
:10D7E00055CFDF91CF911F910F91FF90EF90DF9078
:10D7F000CF90BF90AF909F908F907F906F905F90F1
:10D800004F903F902F9008952F923F924F925F92AA
:10D810006F927F928F929F92AF92BF92CF92DF9240
:10D82000EF92FF920F931F93CF93DF9383E0282E05
:10D83000312C0DEF1FEF8090FF1390900014A090FB
:10D840000114B0900214C501B4010E9480972B010D
:10D850003C01C090F313D090F413E090F513F090D6
:10D86000F613A70196010E947A97882309F485C0D0
:10D87000C0910F14D0911014C130D10509F07DC0B2
:10D88000A7019601C301B2010E947A9787FF04C0E5
:10D89000D093CA15C093C915A7019601C301B2015F
:10D8A0000E94779A181634F48FEF9FEF9093CA1561
:10D8B0008093C915C501B4016C5E7F4F8F4F9F4F98
:10D8C0000E9480979B01AC01C701B6010E94779A24
:10D8D000181624F43092CA152092C915C501B40156
:10D8E00064517109810991090E9480979B01AC01E3
:10D8F000C701B6010E947A9787FF04C01093CA152A
:10D900000093C91588EE93E00E949F784091C91555
:10D910005091CA156A01550FEE08FF08B701A6011C
:10D920008DE697E10E943F754091291150912A118F
:10D9300060912B1170912C114C0D5D1D6E1D7F1D82
:10D940004093FF13509300146093011470930214DA
:10D950004093291150932A1160932B1170932C112D
:10D9600088E00E940D78892B09F065CF87EE93E05F
:10D970009093101480930F145ECFDF91CF911F917D
:10D980000F91FF90EF90DF90CF90BF90AF909F905E
:10D990008F907F906F905F904F903F902F90089561
:10D9A0000895089585ED8093BC008091BC0084FDAE
:10D9B000FCCF1092B517089540912216262F30E023
:10D9C000240F311D21323105DCF42091B5172430AC
:10D9D000C9F4FC0180E090E0861758F430912216DB
:10D9E0002191DC01AE5FB94EA30FB11D2C930196BE
:10D9F000F3CF80912216680F6093221680E008957D
:10DA000081E0089582E00895089508950895E091D1
:10DA10004A1680914916E81730F4F0E0EE51FA4EBC
:10DA2000808190E008958FEF9FEF089590914A16BE
:10DA300080914916981750F4E92FF0E0EE51FA4E14
:10DA4000208130E09F5F90934A1602C02FEF3FEF96
:10DA5000C90108958091491690E020914A16821BD1
:10DA600091090895CF92DF92EF92FF920F931F9347
:10DA7000CF93DF937C01CB018A012091B61722233B
:10DA800089F0EB016B01C40ED51ECC15DD0561F0EC
:10DA90006991D701ED91FC910190F081E02DC701D2
:10DAA0001995F3CF642F88DFC801DF91CF911F91C3
:10DAB0000F91FF90EF90DF90CF900895CF93DF9379
:10DAC0001F92CDB7DEB769832091B6172223D1F01C
:10DAD0002091D917203240F021E030E0FC0133835F
:10DAE000228380E090E014C08091B717E82FF0E027
:10DAF000E854F84E998190838F5F8093B717809395
:10DB0000D91704C061E0CE01019656DF81E090E0B4
:10DB10000F90DF91CF910895089580E090E00895EF
:10DB200021E0FC0187819085A185B285892B8A2B14
:10DB30008B2B09F020E0822F0895FC0114861782B8
:10DB40001086118612860895FC0186818823A9F12A
:10DB500087819085A185B2850097A105B10511F453
:10DB6000148614C083339105A105B10554F022E356
:10DB70002487C297A109B10987839087A187B287BB
:10DB800005C0848717821086118612869385848546
:10DB90004585568567857089992329F0480F511D61
:10DBA000611D711D04C0481B510961097109458738
:10DBB00056876787708B90E0089580E090E0089525
:10DBC0000F931F93CF93DF93EC01423018F08C81B9
:10DBD00088608C834F836887222329F0413019F4B1
:10DBE0008C8184608C8364E670E080E090E00E9429
:10DBF000CF786C8164FD31C0E881F9810684F785B6
:10DC0000E02D42E063E0CE0119958BE496E40197A4
:10DC1000F1F7E881F9810684F785E02D42E063E0C1
:10DC2000CE01199503E512E0C8010197F1F7E881EB
:10DC3000F9810684F785E02D42E063E0CE01199575
:10DC4000C8010197F1F7E881F9810684F785E02D95
:10DC500042E062E0CE01199514C06062CE0100D7A7
:10DC60008BE496E40197F1F76C816062CE01F8D6FF
:10DC700003E512E0C8010197F1F76C816062CE0103
:10DC8000EFD6C8010197F1F76C816062CE01E8D64A
:10DC90008BEE90E00197F1F784E08D836CE0CE018C
:10DCA000DFD6CE01E5D682E08E8366E0CE01D8D6FF
:10DCB000E881F9810484F585E02D6FEFCE01DF91D5
:10DCC000CF911F910F911994CF93DF93EC018C8129
:10DCD000882319F060E00E9435781C861E821F821E
:10DCE000188619861A861D861E861F86188ADF9159
:10DCF000CF9108951F920F920FB60F9211240BB679
:10DD00000F922F933F934F935F936F937F938F93D4
:10DD10009F93AF93BF93EF93FF938091B900887F58
:10DD2000803609F49CC068F5883209F45BC090F431
:10DD3000803109F454C038F4882309F4F6C08830DF
:10DD400009F44DC0F5C0883109F44CC0803209F4A3
:10DD50005DC0EEC0803409F468C048F4803309F433
:10DD600055C0883309F0E4C08093B317D8C080351C
:10DD700009F44FC0883509F45DC0883409F0D8C073
:10DD8000D6C0883909F4C7C0A8F4883709F467C039
:10DD900038F4883609F463C0803709F460C0C8C01D
:10DDA000883809F4B8C0803909F45FC0803809F0B8
:10DDB000BFC05BC0803B09F486C038F4803A09F4E8
:10DDC00066C0883A09F47FC0B3C0803C09F4A7C09C
:10DDD000883C09F4A4C0883B09F48AC0A9C080919A
:10DDE000901710C09091B2178091B117981770F5E5
:10DDF000E091B21781E08E0F8093B217F0E0EF56FA
:10DE0000F84E80818093BB0085EC86C08093B31769
:10DE10008EC0E091B21781E08E0F8093B21780918F
:10DE2000BB00F0E0EF56F84E80839091B2178091DE
:10DE3000B1176EC0E091B21781E08E0F8093B217D8
:10DE40008091BB00F0E0EF56F84E80838091B417CC
:10DE500081116DC081E080938F1784EA61C083E0F7
:10DE60008093B51710924416CFCF8091441680321C
:10DE700008F051C0E091441681E08E0F8093441663
:10DE80008091BB00F0E0EC5DF94E8083BDCF85EC66
:10DE90008093BC001092B51780914416803230F404
:10DEA000E0914416F0E0EC5DF94E1082609144166A
:10DEB00070E0E0914516F091461684E296E11995DE
:10DEC0001092441635C084E08093B5171092231643
:10DED00010922216E0914716F091481619958091FC
:10DEE0002216811105C081E080932216109202163D
:10DEF000E091231681E08E0F80932316F0E0EE5F11
:10DF0000F94E80818093BB00909123168091221658
:10DF1000981708F479CF85E88093BC0009C085EC98
:10DF20008093BC001092B51703C01092B3173ADD6E
:10DF3000FF91EF91BF91AF919F918F917F916F91E1
:10DF40005F914F913F912F910F900BBE0F900FBE9D
:10DF50000F901F9018951F920F920FB60F921124D9
:10DF60000BB60F920F931F932F933F934F935F9393
:10DF70006F937F938F939F93AF93BF93CF93DF93D1
:10DF8000EF93FF93F89461E082E00E9435780AEF06
:10DF900016E1CCEDD5E18091061790E09E012C5D55
:10DFA0003541281739076CF4D8018D919D918D0169
:10DFB000DC01ED91FC910280F381E02D19958993AC
:10DFC000EACF81E043E050E03FE31092071792B1BF
:10DFD0009093DB152091DC15222351F021502093E2
:10DFE000DC15809307172091F416922B9093DB1584
:10DFF0009091F516992371F02091DD15222351F0AF
:10E0000021502093DD15809307172091DB15922B6B
:10E010009093DB159091F616992371F02091DE15FF
:10E02000222351F021502093DE1580930717209171
:10E03000DB15922B9093DB159091F716992371F0D5
:10E040002091DF15222351F021502093DF1580937A
:10E0500007172091DB15922B9093DB159091F81602
:10E06000992371F02091E015222351F02150209343
:10E07000E015809307172091DB15922B9093DB1509
:10E080009091F916992371F02091E115222351F016
:10E0900021502093E115809307172091DB15922BD7
:10E0A0009093DB159091DB1592B9FA013197F1F756
:10E0B00090910817232F291B9091DB1592239093A1
:10E0C000DB1592B99091071791117FCF60E082E044
:10E0D000CCD77894FF91EF91DF91CF91BF91AF9121
:10E0E0009F918F917F916F915F914F913F912F9170
:10E0F0001F910F910F900BBE0F900FBE0F901F90AE
:10E1000018950895CF92DF92EF92FF920F931F938D
:10E11000CF93DF936C017A018B01C0E0D0E0CE1584
:10E12000DF0581F0D8016D918D01D601ED91FC9153
:10E130000190F081E02DC6011995892B11F02196EF
:10E14000EECF7E01C701DF91CF911F910F91FF901C
:10E15000EF90DF90CF900895FC01538D448D252FD3
:10E1600030E0842F90E0821B930B541710F0CF9671
:10E17000089501970895FC01918D828D981761F0A3
:10E18000828DDF01A80FB11D5D968C91928D9F5FEE
:10E190009F73928F90E008958FEF9FEF0895FC0199
:10E1A000918D828D981731F0828DE80FF11D858D4C
:10E1B00090E008958FEF9FEF0895FC01918D228DDF
:10E1C000892F90E0805C9F4F821B91098F73992764
:10E1D00008958BE496E1F1DF21E0892B09F420E03A
:10E1E000822F0895FC01848DDF01A80FB11DA35A71
:10E1F000BF4F2C91848D90E001968F739927848F67
:10E20000A689B7892C93A089B1898C918370806489
:10E210008C93938D848D981306C00288F389E02D2A
:10E2200080818F7D80830895EF92FF920F931F93DB
:10E23000CF93DF93EC0181E0888F9B8D8C8D9813B9
:10E2400005C0E889F989808185FD25C0F62E0B8DF2
:10E2500010E00F5F1F4F0F731127E02E8C8DE81217
:10E260000BC00FB607FCFACFE889F989808185FFDA
:10E27000F5CFCE01B7DFF2CF8B8DFE01E80FF11D98
:10E28000E35AFF4FF0829FB7F8940B8FEA89FB891E
:10E29000808180620AC09FB7F894EE89FF8960830D
:10E2A000E889F98980818370806480839FBF81E0E1
:10E2B00090E0DF91CF911F910F91FF90EF90089523
:10E2C000CF93DF93EC01888D8823C1F0EA89FB8925
:10E2D000808185FD05C0A889B9898C9186FD0EC015
:10E2E0000FB607FCF5CF808185FFF2CFA889B989E9
:10E2F0008C9185FFEDCFCE0175DFE8CFDF91CF9117
:10E30000089580E090E0892B19F063DF811125C02A
:10E3100080E090E0892B41F080E090E0892B21F0B3
:10E320000E94000081111CC080E090E0892B41F028
:10E3300080E090E0892B21F00E940000811113C041
:10E3400080E090E0892BA1F080E090E0892B81F0C3
:10E350000E94000081110AC008950E940000D8CFD9
:10E360000E940000E1CF0E940000EACF0C94000060
:10E37000089521E001C0220F6A95EAF7DC011C969E
:10E380002C931C971A965C934E931997ED91FC91E0
:10E390000484F585E02D60E01994DC01ED91FC9199
:10E3A0000684F785E02D41E0199581E090E008951D
:10E3B0000E942F9D0F931F93CF93DF93062F0F7013
:10E3C000423019F440E0602F0DC0142FEC0170E0D2
:10E3D00084E0759567958A95E1F7CE01F0D5412FD8
:10E3E000602FCE01DF91CF911F910F91E8C5FC0105
:10E3F00084858823A1F0218532852115310519F402
:10E40000611106C007C02130310521F4611102C03D
:10E41000858701C015866585CF010E96ACC5089528
:10E42000EF92FF920F931F93CF93DF93EC01062F90
:10E43000F42EE22E8B85888B10924A161092491684
:10E440001092B7171092D9171092B51711E01093C8
:10E45000B41710928F1761E084E107D661E085E17F
:10E4600004D68091B9008E7F8093B9008091B90065
:10E470008D7F8093B90088E48093B80085E4809311
:10E48000BC0084E09DE6909348168093471685E093
:10E490009DE6909346168093451688891093B6178B
:10E4A0008093D8171092B7171092D91708D591E01A
:10E4B000811190E0998B811104C088EE96E1B6DA63
:10E4C0008E878989882331F01F861C8260E0CE0107
:10E4D0000E9651D52E2D4F2D602FCE01DF91CF916D
:10E4E0001F910F91FF90EF906BCBEF92FF920F93E4
:10E4F0001F93CF93DF93EC017B018A01888199817F
:10E50000009729F02A813B8124173507F8F4B801D8
:10E510006F5F7F4F0E944F9C009759F099838883CB
:10E520001B830A832C813D81232B81F4FC01108203
:10E530000DC088819981009711F00E94C69B1982B5
:10E5400018821D821C821B821A8207C01D830C83C5
:10E55000B701888199810E943C9DCE01DF91CF91C6
:10E560001F910F91FF90EF900895CF93DF93EC01EF
:10E570006115710551F0FB0101900020E9F7319719
:10E58000AF01461B570BB1DF0CC088819981009702
:10E5900011F00E94C69B198218821D821C821B8268
:10E5A0001A82CE01DF91CF910895BF92CF92DF9270
:10E5B000EF92FF920F931F93CF93DF937C016B0138
:10E5C0008A01E9012417350720F4812F8901C42F1E
:10E5D000D82FC701DAD2D60114968D919C91159748
:10E5E00008171907C0F48C179D0708F4EC01D60131
:10E5F000ED91FC911197EC0FFD1FB08010826D9191
:10E600007C91600F711FC701B0DFD601ED91FC91C5
:10E61000EC0FFD1FB082C701DF91CF911F910F91C9
:10E62000FF90EF90DF90CF90BF900895FC01808124
:10E6300091810C94C69B1F920F920FB60F921124DA
:10E640000BB60F922F933F934F935F936F937F93EC
:10E650008F939F93AF93BF93EF93FF93E0915D02EE
:10E66000F0915E021995FF91EF91BF91AF919F914B
:10E670008F917F916F915F914F913F912F910F906B
:10E680000BBE0F900FBE0F901F9018951F920F9208
:10E690000FB60F9211240BB60F922F933F934F9307
:10E6A0005F936F937F938F939F93AF93BF93EF93FA
:10E6B000FF93E0915B02F0915C021995FF91EF915D
:10E6C000BF91AF919F918F917F916F915F914F918A
:10E6D0003F912F910F900BBE0F900FBE0F901F9088
:10E6E00018951F920F920FB60F9211240BB60F922E
:10E6F0002F933F934F935F936F937F938F939F934A
:10E70000AF93BF93EF93FF93E0915102F0915202C8
:10E710001995FF91EF91BF91AF919F918F917F914B
:10E720006F915F914F913F912F910F900BBE0F9082
:10E730000FBE0F901F9018951F920F920FB60F9259
:10E7400011240BB60F922F933F934F935F936F93C8
:10E750007F938F939F93AF93BF93EF93FF93E0913A
:10E760004F02F09150021995FF91EF91BF91AF9137
:10E770009F918F917F916F915F914F913F912F91D9
:10E780000F900BBE0F900FBE0F901F9018951F9209
:10E790000F920FB60F9211240BB60F922F933F9347
:10E7A0004F935F936F937F938F939F93AF93BF9399
:10E7B000EF93FF93E0915902F0915A021995FF915E
:10E7C000EF91BF91AF919F918F917F916F915F91E9
:10E7D0004F913F912F910F900BBE0F900FBE0F9056
:10E7E0001F9018951F920F920FB60F9211240BB61F
:10E7F0000F922F933F934F935F936F937F938F93DA
:10E800009F93AF93BF93EF93FF93E0915702F091E3
:10E8100058021995FF91EF91BF91AF919F918F9100
:10E820007F916F915F914F913F912F910F900BBE10
:10E830000F900FBE0F901F9018951F920F920FB65A
:10E840000F9211240BB60F922F933F934F935F9328
:10E850006F937F938F939F93AF93BF93EF93FF93A8
:10E86000E0915502F09156021995FF91EF91BF91F9
:10E87000AF919F918F917F916F915F914F913F9158
:10E880002F910F900BBE0F900FBE0F901F901895F9
:10E890001F920F920FB60F9211240BB60F922F9367
:10E8A0003F934F935F936F937F938F939F93AF9318
:10E8B000BF93EF93FF93E0915302F09154021995A7
:10E8C000FF91EF91BF91AF919F918F917F916F9148
:10E8D0005F914F913F912F910F900BBE0F900FBE04
:10E8E0000F901F9018956115710579F0FB0101904B
:10E8F0000020E9F73197AF01461B570BDC01ED9182
:10E90000FC910280F381E02D199480E090E008955D
:10E910008F929F92AF92BF92EF92FF920F931F93AD
:10E92000CF93DF93CDB7DEB7A1970FB6F894DEBFD4
:10E930000FBECDBF7C01FA01CB0119A2223008F431
:10E940002AE08E010F5D1F4F822E912CA12CB12C3D
:10E95000BF01A50194010E94BF98F901CA010150AD
:10E9600011096A3014F4605D01C0695CD8016C93D0
:10E97000232B242B252B61F7B801C701B4DFA19607
:10E980000FB6F894DEBF0FBECDBFDF91CF911F91C0
:10E990000F91FF90EF90BF90AF909F908F90089550
:10E9A000A2CF1F920F920FB60F9211240BB60F92A7
:10E9B0002F933F934F935F936F937F938F939F9387
:10E9C000AF93BF93EF93FF938BE496E10BDCFF9142
:10E9D000EF91BF91AF919F918F917F916F915F91D7
:10E9E0004F913F912F910F900BBE0F900FBE0F9044
:10E9F0001F9018951F920F920FB60F9211240BB60D
:10EA00000F922F938F939F93EF93FF93E0915B1659
:10EA1000F0915C168081E0916116F091621682FDA2
:10EA200012C09081809164168F5F8F73209165165C
:10EA3000821751F0E0916416F0E0E55BF94E958F96
:10EA40008093641601C08081FF91EF919F918F9117
:10EA50002F910F900BBE0F900FBE0F901F90189527
:10EA6000DC01ED91FC910684F785E02D40E01994DE
:10EA700061E0F6DF8BE39FE10197F1F70895CF9214
:10EA8000DF92EF92FF92CF93DF93FC01C780D08497
:10EA9000E184F284CD28CE28CF2801F56A017B01DC
:10EAA000EC01828177FF0FC0882321F061E0DDD285
:10EAB00081E08B87F094E094D094C094C11CD11C69
:10EAC000E11CF11C05C0882319F060E0CED21B8642
:10EAD000CF82D886E986FA8681E001C080E0DF91A6
:10EAE000CF91FF90EF90DF90CF9008950F931F93F9
:10EAF000CF93DF93CDB7DEB728970FB6F894DEBF7C
:10EB00000FBECDBF0091B9051091BA052091BB058C
:10EB10003091BC050D831E832F8338870091BD057E
:10EB20001091BE052091BF053091C00509831A835D
:10EB30002B833C8390914217691710F06FEF690F98
:10EB400040914317262F30E0FE01E20FF31F4031C2
:10EB500021F4943011F4618101C06581680F60680F
:10EB60008BE397E128960FB6F894DEBF0FBECDBFBA
:10EB7000DF91CF911F910F9173CFFC01448155819B
:10EB8000608171818BE397E1BDCAFC011182108223
:10EB9000138212821582148240E050E066E176E032
:10EBA000A4CC8F929F92AF92BF92CF92DF92EF92BE
:10EBB000FF920F931F93CF93DF936B017C01142F70
:10EBC0009B01AC010E94ED9A882319F065EF70E17A
:10EBD00027C046015701E894B7F82FEF3FEF4FE702
:10EBE0005FE7C501B4010E94ED9A81110DC02FEFBE
:10EBF0003FEF4FE75FE7C501B4010E947A9718160F
:10EC00001CF469EF70E10CC02FEF3FEF4FE75FE4BA
:10EC1000C701B6010E94779A18168CF46DEF70E167
:10EC20008BE397E1DF91CF911F910F91FF90EF90D0
:10EC3000DF90CF90BF90AF909F908F9054CE2FEFEA
:10EC40003FEF4FE75FECC701B6010E947A9787FD5F
:10EC5000E5CF20E030E0A901C701B6010E947A9714
:10EC600087FF0AC06DE28BE397E197DBEC01F7FACF
:10EC7000F094F7F8F09402C0C0E0D0E000E060E06B
:10EC800070E080E09FE3011740F420E030E040E2D4
:10EC900051E40E9480990F5FF6CFA70196010E9470
:10ECA000F1986B017C010E94ED994B015C012AE017
:10ECB000AB01BC018BE397E12BDEC80FD91F1123F9
:10ECC000B9F1C501B4010E947E979B01AC01C70157
:10ECD000B6010E94F0986B017C016EE28BE397E134
:10ECE0005CDBC80FD91F20E030E040E251E4C701EF
:10ECF000B6010E94DF974B015C010E94ED996B0108
:10ED0000E12CF12C2AE0B701A6018BE397E100DEAC
:10ED1000C80FD91FC701B6010E947E979B01AC01A5
:10ED2000C501B4010E94F0986B017C011150D9F625
:10ED3000CE01DF91CF911F910F91FF90EF90DF9067
:10ED4000CF90BF90AF909F908F900895CF92DF9219
:10ED5000EF92FF92CF93DF936C01990FEE08FF08BB
:10ED6000F7FE19C06DE28BE397E117DBEC01442756
:10ED70005527BA014C195D096E097F092AE08BE31A
:10ED800097E1C6DD8C0F9D1FDF91CF91FF90EF9033
:10ED9000DF90CF9008952AE0B701A6018BE397E1B9
:10EDA000DF91CF91FF90EF90DF90CF90B1CDCF92D8
:10EDB000DF92EF92FF92CF93DF936B017C0197FF7D
:10EDC00013C06DE28BE496E12FDAEC01442755275E
:10EDD000BA014C195D096E097F092AE08BE496E1BE
:10EDE00097DDC80FD91F07C02AE0AB01BC018BE437
:10EDF00096E18EDDEC0164E176E08BE496E173DD73
:10EE00008C0F9D1FDF91CF91FF90EF90DF90CF90FF
:10EE1000089590E0FC013197E231F10508F04EC011
:10EE20008827EE58FF4F8F4F0C94269B80918000CF
:10EE30008F7703C0809180008F7D8093800008953C
:10EE400080918000877FF9CF84B58F7702C084B529
:10EE50008F7D84BD08958091B0008F7703C080912D
:10EE6000B0008F7D8093B0000895809190008F77DF
:10EE700007C0809190008F7D03C080919000877FB4
:10EE80008093900008958091A0008F7707C08091B3
:10EE9000A0008F7D03C08091A000877F8093A00099
:10EEA0000895809120018F7707C0809120018F7D88
:10EEB00003C080912001877F8093200108953091C5
:10EEC000D917313208F04BC08091B5178111FCCFB2
:10EED0009091D81722E02093B51721E02093B41722
:10EEE0002FEF2093B3171092B2173093B117E8EBBE
:10EEF000F7E1A1E9B7E120E0321721F041914D930C
:10EF00002F5FFACF1092901720919017990F922BA4
:10EF10009093901790918F17913061F410928F1702
:10EF2000909190179093BB009091BC0093FDF8CF07
:10EF300095EC01C095EE9093BC009091B51792307E
:10EF4000E1F39091B3179F3F79F08091B31780322E
:10EF500041F08091B317803331F084E005C081E047
:10EF600003C082E001C083E01092B7171092D91756
:10EF70001092B6170895FC0183818823B9F0962F6B
:10EF80006181609569236083828191E09093B617D7
:10EF90008093D8171092B7171092D91788EE96E180
:10EFA0000E945E6D8CDF282F30E002C020E030E050
:10EFB00081E090E0232B11F080E090E00895EF9243
:10EFC000FF920F931F93CF938C01FC0184E0C0E06C
:10EFD00060FF02C09589C92B6695815031968111D9
:10EFE000F7CF413011F4F8014489F8018585C82B29
:10EFF000C42B7801FEE0EF0EF11CF80162896C2B46
:10F00000C701B9DFF801628960956C23C701CF9110
:10F010001F910F91FF90EF90AECFCF93DF93282FEA
:10F0200030E0F901E956FC4F8491F901EF5AFC4FA9
:10F03000D491F901E55FFC4FC491CC2389F0811193
:10F04000E8DEEC2FF0E0EE0FFF1FEF50FD4FA59133
:10F05000B491EC91ED2381E090E021F480E002C0D6
:10F0600080E090E0DF91CF9108951F93CF93DF93DD
:10F07000282F30E0F901E956FC4F8491F901EF5A4D
:10F08000FC4FD491F901E55FFC4FC491CC23B9F05A
:10F09000162F8111BEDEEC2FF0E0EE0FFF1FE952BC
:10F0A000FD4FA591B4919FB7F894111104C08C91B4
:10F0B000D095D82302C0EC91DE2BDC939FBFDF916B
:10F0C000CF911F910895CF93DF9390E0FC01EF5A09
:10F0D000FC4F2491FC01E55FFC4F8491882361F192
:10F0E00090E0880F991FFC01E354FD4FC591D49126
:10F0F000FC01E952FD4FA591B491611109C09FB780
:10F10000F8948881209582238883EC912E230BC06C
:10F11000623061F49FB7F8948881322F3095832351
:10F120008883EC912E2B2C939FBF06C08FB7F89449
:10F13000E8812E2B28838FBFDF91CF9108958230F5
:10F14000910538F0880F991F880F991F059701972F
:10F15000F1F708953FB7F8948091DF179091E01789
:10F16000A091E117B091E21726B5A89B05C02F3FEB
:10F1700019F00196A11DB11D3FBFBA2FA92F982FDD
:10F180008827820F911DA11DB11DBC01CD0142E058
:10F19000660F771F881F991F4A95D1F708958F92A0
:10F1A0009F92AF92BF92CF92DF92EF92FF926B014C
:10F1B0007C01D0DF4B015C01C114D104E104F104F6
:10F1C000E9F0C8DFDC01CB0188199909AA09BB095C
:10F1D000883E9340A105B10578F321E0C21AD10819
:10F1E000E108F10888EE880E83E0981EA11CB11C8E
:10F1F000C114D104E104F10421F7DECFFF90EF90B8
:10F20000DF90CF90BF90AF909F908F9008952FB7D1
:10F21000F8946091DB177091DC178091DD17909165
:10F22000DE172FBF08951F920F920FB60F92112471
:10F230002F933F938F939F93AF93BF938091DB174F
:10F240009091DC17A091DD17B091DE173091DA179D
:10F2500023E0230F2D3720F40196A11DB11D05C019
:10F2600026E8230F0296A11DB11D2093DA17809383
:10F27000DB179093DC17A093DD17B093DE17809116
:10F28000DF179091E017A091E117B091E217019676
:10F29000A11DB11D8093DF179093E017A093E11794
:10F2A000B093E217BF91AF919F918F913F912F91B2
:10F2B0000F900FBE0F901F901895CF93DF93CDB78F
:10F2C000DEB72E970FB6F894DEBF0FBECDBF789491
:10F2D00084B5826084BD84B5816084BD85B582605B
:10F2E00085BD85B5816085BD80916E00816080930C
:10F2F0006E00109281008091810082608093810075
:10F300008091810081608093810080918000816084
:10F31000809380008091B10084608093B1008091DF
:10F32000B00081608093B0008091910082608093F2
:10F330009100809191008160809391008091900074
:10F340008160809390008091A10082608093A100F1
:10F350008091A10081608093A1008091A0008160D4
:10F360008093A0008091210182608093210180918F
:10F37000210181608093210180912001816080932F
:10F38000200180917A00846080937A0080917A00D5
:10F39000826080937A0080917A00816080937A0005
:10F3A00080917A00806880937A001092C100E09189
:10F3B0005B16F0915C1682E08083E0915716F09125
:10F3C00058161082E0915916F0915A168FEC8083EE
:10F3D00010926316E0915F16F091601686E08083CC
:10F3E000E0915D16F0915E16808180618083E091EE
:10F3F0005D16F0915E16808188608083E0915D16D5
:10F40000F0915E16808180688083E0915D16F091B6
:10F410005E1680818F7D80836DE076E08BE496E1DF
:10F4200062DA64E176E08BE496E15DDA86E180936E
:10F43000801787E1809381178BE180938217109268
:10F44000831761E086E13FDE61E0809181173BDE5A
:10F4500061E08091821737DE80918217882311F056
:10F4600061E003DE10928B1710928C1710928D17AB
:10F4700010928E1781E08093841788E180936F1734
:10F4800089E1809370178AE1809371171092721747
:10F4900061E088E118DE61E08091701714DE61E0C0
:10F4A0008091711710DE80917117882311F061E04F
:10F4B000DCDD10927A1710927B1710927C17109255
:10F4C0007D1781E0809373171092081740910617FB
:10F4D00050E00AEF16E1E4EFF6E120E031E0CF0181
:10F4E000845F964184179507ACF4D8018D919D9166
:10F4F0008D01DC0113968C9190E0863191053CF0F2
:10F500004697B32F01C0BB0F8A95EAF7B08381916C
:10F51000280FE5CF20930817F8941092B0001092AE
:10F52000B1001092B20089EF8093B3008091B000D7
:10F5300082608093B0001092B1008091B10083602E
:10F540008093B1001092700080917000826080936F
:10F550007000789420E044E068E28BE397E10E9439
:10F5600010728BE397E184DA67E176E08BE397E151
:10F5700017DA61E080E0BADA6BE176E08BE397E1DD
:10F580000FDA60E082E1B2DA6FE176E08BE397E1D7
:10F5900007DA61E082E1AADA6FE176E08BE397E1D6
:10F5A000FFD90E94184C60E081E35FDD60E083E3F7
:10F5B0005CDD60E082E359DD60E08DE084DD61E0E8
:10F5C0008DE053DDEEE5F3E08491E8E1F3E0949122
:10F5D000923029F420911411282B20931411EDE777
:10F5E000F2E0A4919230D9F4B0E0AA0FBB1FAD5F56
:10F5F000BE4E2CE435E52D933C93E5EFF2E0A5916A
:10F60000B4919C91909302112BE630E03093121448
:10F610002093111490916800916090936800A091DC
:10F620001114B0911214EC918E2B8C930E94005502
:10F630000E94B7510E94C54B84E597E10E94B72F05
:10F640006093311170933211809333119093341180
:10F65000C0902511D0902611E0902711F09028112C
:10F660006C157D058E059F0509F4D2C400913911F2
:10F6700010913A1120913B1130913C1100931D11D2
:10F6800010931E1120931F11309320110E94809718
:10F690004B015C01C701B6010E9480979B01AC0140
:10F6A000C501B4010E94F0989B01AC0160912D143A
:10F6B00070912E1480912F14909130140E94F19823
:10F6C00060932D1470932E1480932F149093301404
:10F6D00081E090E090930902809308023BDD609303
:10F6E000291470932A1480932B1490932C14C09097
:10F6F0002D14D0902E14E0902F14F090301421E0AF
:10F7000030E040E25FE3C701B6010E94779A87FFCD
:10F710000BC021E030E040E25FEBC701B6010E9480
:10F720007A9718160CF440C420E030E0A901C70114
:10F73000B6010E94779A181614F40C94859220E072
:10F7400030E046E154ECC701B6010E947A9787FF8A
:10F750001AC020E030E0A901C701B6010E94779AE3
:10F7600018162CF480E090E0A6E1B4E404C080E038
:10F7700090E0A6E1B4EC80932D1490932E14A09306
:10F780002F14B0933014C0902D14D0902E14E0900C
:10F790002F14F0903014CF82D886E986FA8620E0C4
:10F7A00030E0A901C701B6010E94779A181624F02B
:10F7B000C701B601905804C06F81788589859A8504
:10F7C00020E030E84BEB55E40E94DF9720E030E08A
:10F7D00046E154E40E9480994B015C01609325143A
:10F7E00070932614809327149093281420E030E01F
:10F7F00048E454E40E94DF979B01AC0160E070E0B4
:10F8000080EA90E40E94809920E030E040E752E4F2
:10F810000E94DF9720E034E244E759E40E94DF973A
:10F820000E94E8996B017C0160932114709322146B
:10F8300080932314909324148091191190911A119C
:10F84000A0911B11B0911C118B879C87AD87BE873F
:10F8500091ECC9169DE5D906E104F10434F100EC00
:10F86000C02E0DE5D02EE12CF12CC0922114D092A7
:10F870002214E0922314F092241420E030E040EAB5
:10F8800051E4C501B4010E947A97181614F40C943F
:10F890009F92212C312C412CBFE35B2E10ECC12E0A
:10F8A0001DE5D12EE12CF12C27C020E030E040EA0C
:10F8B00051E4C501B4010E947A971816C4F16EE2B2
:10F8C00072E280E090E0A70196010E949398CA013D
:10F8D000B9010E94809720E030E040E05FE30E94A1
:10F8E000F1983B018C011B012C0120E030E0A901C3
:10F8F0000E94779A87FD09C020E030E040E05FE396
:10F90000B101C2010E94F19808C020E030E040E05F
:10F910005FE3B301C8010E94F0980E94E899DB01FF
:10F920007093201460931F14A7019601EEC020E08D
:10F9300030E048EC52E4C501B4010E947A971816F1
:10F940000CF442C086017E2C60EC72E180E090E015
:10F9500096014E2D5F2D0E949398CA01B9010E9415
:10F96000809720E030E040E05FE30E94F198662E4F
:10F97000C72ED82EE92E262E372E482E592E20E0BF
:10F9800030E0A9010E94779A87FD09C020E030E0AD
:10F9900040E05FE3B101C2010E94F1980AC020E09B
:10F9A00030E040E05FE3662D7C2D8D2D9E2D0E9482
:10F9B000F0980E94E899DB017093201460931F1463
:10F9C0009801472D5F2DA1C020E030E048E454E4C9
:10F9D000C501B4010E947A974090211450902214DE
:10F9E000609023147090241418162CF060EC72E1CF
:10F9F00080E090E05DC020E030E04AEF54E4C501D3
:10FA0000B4010E947A9718160CF44EC06CE37FE0A4
:10FA100080E090E0A30192010E949398CA01B9018D
:10FA20000E94809720E030E040E05FE30E94F19880
:10FA30006B017C0120E030E0A9010E94779A20E070
:10FA400030E040E05FE387FD05C0C701B6010E94DA
:10FA5000F19804C0C701B6010E94F0980E94E8998D
:10FA60007093201460931F146B01770FEE08FF084A
:10FA7000A7019601C301B2010E94179B60931B145A
:10FA800070931C1480931D1490931E1420E030E09A
:10FA9000A9016F81788589859A850E947A9787FD6B
:10FAA00002C00C94BB9246C06CEB72E080E090E028
:10FAB000A30192010E949398CA01B9010E94809704
:10FAC00020E030E040E05FE30E94F1986B017C01B0
:10FAD00020E030E0A9010E94779A20E030E040E089
:10FAE0005FE387FD05C0C701B6010E94F19804C01D
:10FAF000C701B6010E94F0980E94E899DB0170935B
:10FB0000201460931F14A30192010E94B99860937E
:10FB10001B1470931C1480931D1490931E1420E0EA
:10FB200030E0A9016F81788589859A850E947A974E
:10FB300087FF0BC080911F1490912014919581959F
:10FB400091099093201480931F14C0901F14D0909B
:10FB500020140D2C000CEE08FF088B859C85AD85CC
:10FB6000BE85C80ED91EEA1EFB1EC092EF13D092AE
:10FB7000F013E092F113F092F21320E030E04AEF3C
:10FB800054E4C501B4010E947A9718160CF4D1C14F
:10FB90008090420290904302A0904402B0904502AF
:10FBA000C701B6010E9480976B017C01E091621150
:10FBB000F0916311EE0FFF1FEE0FFF1FE05BFE4E93
:10FBC00060817181828193810E9480979B01AC0149
:10FBD000C701B6010E94F09820E030E040EA50E40E
:10FBE0000E94DF9720E030E048E454E40E948099CE
:10FBF0009058A50194010E9480996B017C0160934B
:10FC0000151170931611809317119093181120E01D
:10FC100030E040E85FE3C501B4010E947A9720E03C
:10FC200030E0A90181110EC0C701B6010E94779A88
:10FC3000181624F0F7FAF094F7F8F09400E012E0C8
:10FC400023E00DC0C701B6010E94779A181624F070
:10FC5000F7FAF094F7F8F09400E012E024E047E0BF
:10FC6000C701B6010E940D9560E072E085E397E15F
:10FC70000E94B572C0902514D0902614E0902714ED
:10FC8000F090281420E030E040EA51E4C701B601CA
:10FC90000E947A9718160CF460C061E086E00E941A
:10FCA000767527E030E040E050E065E377E1CE0193
:10FCB00001960E94D572CE0101960E94BD75CE01BB
:10FCC00001960E941673C0901511D0901611E09005
:10FCD0001711F090181120E030E0A901C701B6011A
:10FCE0000E94779A1816B4F420E030E0A9016091E0
:10FCF00013147091141480911514909116140E948D
:10FD00007A9718163CF061E085E00E94767561E212
:10FD100076E01EC020E030E0A901C701B6010E94D4
:10FD20007A9787FFF6C020E030E0A90160911314B4
:10FD30007091141480911514909116140E94779A62
:10FD400087FDE7C061E085E00E9476756FEA76E0A6
:10FD50008BE397E10E94D074DCC0809015119090E5
:10FD60001611A0901711B090181120E030E0A901F1
:10FD7000C501B4010E94779A1816B4F420E030E06F
:10FD8000A90160911314709114148091151490912D
:10FD900016140E947A9718163CF061E085E00E94E4
:10FDA000767561E276E01EC020E030E0A901C50171
:10FDB000B4010E947A9787FF1EC020E030E0A901BD
:10FDC000609113147091141480911514909116146D
:10FDD0000E94779A87FD0FC061E085E00E947675EA
:10FDE0006FEA76E08BE397E10E94D07461E084E0F3
:10FDF0000E9476758EC020E030E048EC52E4C701E6
:10FE0000B6010E947A97181694F08091080290919A
:10FE1000090281309105E1F0892B49F461E089E024
:10FE20000E94767526E030E043E050E064C020E0B8
:10FE300030E048E454E4C701B6010E947A971816EE
:10FE40004CF180910802909109028130910539F4BA
:10FE500061E086E00E94767523E030E031C0892BB6
:10FE6000C9F461E089E00E94767525E030E043E066
:10FE700050E065E377E1CE0101960E94D572CE0194
:10FE800001960E94BD75CE0101960E94167361E035
:10FE900089E0AECF20E030E04AEF54E4C701B6017C
:10FEA0000E947A9718167CF08091080290910902BE
:10FEB000019799F461E086E00E94767522E030E0D7
:10FEC00040E050E018C020E030E04AEF54E4C701C1
:10FED000B6010E947A971816E4F08091080290917A
:10FEE0000902892BB1F461E088E00E94767524E074
:10FEF00030E042E050E065E377E1CE0101960E94F8
:10FF0000D572CE0101960E94BD75CE0101960E9468
:10FF100016738091151190911611A0911711B0913F
:10FF200018118093131490931414A0931514B09384
:10FF3000161410D90091291410912A1420912B1411
:10FF400030912C14C0901B14D0901C14E0901D1400
:10FF5000F0901E140C0D1D1D2E1D3F1D6801790112
:10FF6000C61AD70AE80AF90AD701C601E8D880916B
:10FF7000851790918617A0918717B0918817892BC4
:10FF80008A2B8B2B11F40C9405918BE397E10E9443
:10FF9000387562E08BE00E94767560EF77E08BE366
:10FFA00097E10E94D074FFCF80913111909132116E
:10FFB000A0913311B09134118093251190932611A3
:10FFC000A0932711B09328110E94B75180911D1161
:10FFD00090911E11A0911F11B0912011F89480935F
:10FFE000671790936817A0936917B0936A1778946E
:10FFF00080911D1190911E11A0911F11B09120119F
:020000021000EC
:100000008093351190933611A0933711B093381126
:1000100080E697E10E94B72F6093391170933A11EF
:1000200080933B1190933C11C0903511D0903611C4
:10003000E0903711F09038116C157D058E059F0505
:1000400009F4CFC400913111109132112091331174
:100050003091341100932D1110932E1120932F11F4
:10006000309330110E9480974B015C01C701B601AB
:100070000E9480979B01AC01C501B4010E94F098D9
:100080009B01AC0160914B1470914C1480914D1404
:1000900090914E140E94F19860934B1470934C14FD
:1000A00080934D1490934E1481E090E0909313024E
:1000B000809312024FD86093471470934814809332
:1000C000491490934A14C0904B14D0904C14E09073
:1000D0004D14F0904E142FEF3FEF4FE150E4C70165
:1000E000B6010E94779A87FF0BC02FEF3FEF4FE1D9
:1000F00050ECC701B6010E947A9718160CF437C469
:1001000020E030E0A901C701B6010E94779A1816D5
:1001100014F40C94929220E030E046E154ECC701D4
:10012000B6010E947A9787FF1AC020E030E0A9014B
:10013000C701B6010E94779A18162CF480E090E06F
:10014000A6E1B4E404C080E090E0A6E1B4EC8093C2
:100150004B1490934C14A0934D14B0934E14C09034
:100160004B14D0904C14E0904D14F0904E14CF826C
:10017000D886E986FA8620E030E0A901C701B601F9
:100180000E94779A181624F0C701B601905804C04F
:100190006F81788589859A8520E030E046E154E4D6
:1001A0000E94DF9720E030E046E154E40E9480990D
:1001B0004B015C0160934314709344148093451485
:1001C0009093461420E030E048E454E40E94DF9726
:1001D0009B01AC0160E070E080E090E40E948099B7
:1001E00020E030E040E752E40E94DF9720E034E274
:1001F00044E759E40E94DF970E94E8996B017C0173
:1002000060933F1470934014809341149093421470
:100210008091291190912A11A0912B11B0912C114C
:100220008B879C87AD87BE8791ECC9169DE5D90663
:10023000E104F10434F170ECC72E7DE5D72EE12CFA
:10024000F12CC0923F14D0924014E0924114F092ED
:10025000421420E030E040EA51E4C501B4010E94BC
:100260007A97181614F40C94CD92212C312C412C31
:100270005FE3552E60ECC62E6DE5D62EE12CF12CF9
:1002800027C020E030E040EA51E4C501B4010E94FB
:100290007A971816C4F16EE272E280E090E0A7014E
:1002A00096010E949398CA01B9010E94809720E0AC
:1002B00030E040E05FE30E94F1983B018C011B01BC
:1002C0002C0120E030E0A9010E94779A87FD09C047
:1002D00020E030E040E05FE3B101C2010E94F1980C
:1002E00008C020E030E040E05FE3B301C8010E94B5
:1002F000F0980E94E899DB0170933E1460933D14DE
:10030000A7019601E5C020E030E048EC52E4C501C9
:10031000B4010E947A971816D4F13601870160EC77
:1003200072E180E090E09601A7010E949398CA01D3
:10033000B9010E94809720E030E040E05FE30E9436
:10034000F1986B017C011B012C0120E030E0A90138
:100350000E94779A87FD09C020E030E040E05FE32B
:10036000B101C2010E94F19808C020E030E040E0F5
:100370005FE3B601C7010E94F0980E94E899DB0193
:1003800070933E1460933D149301A801A1C020E036
:1003900030E046E953E4C501B4010E947A974090E9
:1003A0003F145090401460904114709042141816FD
:1003B0002CF060EC72E180E090E05DC020E030E085
:1003C0004AEF53E4C501B4010E947A9718160CF461
:1003D0004EC06CE37FE080E090E0A30192010E94B8
:1003E0009398CA01B9010E94809720E030E040E074
:1003F0005FE30E94F1986B017C0120E030E0A901ED
:100400000E94779A20E030E040E05FE387FD05C07E
:10041000C701B6010E94F19804C0C701B6010E944D
:10042000F0980E94E89970933E1460933D146B011C
:10043000770FEE08FF08A7019601C301B2010E94E1
:10044000179B6093391470933A1480933B149093E4
:100450003C1420E030E0A9016F81788589859A8578
:100460000E947A9787FD02C00C94EB9246C06CEB19
:1004700072E080E090E0A30192010E949398CA018B
:10048000B9010E94809720E030E040E05FE30E94E5
:10049000F1986B017C0120E030E0A9010E94779A7D
:1004A00020E030E040E05FE387FD05C0C701B60112
:1004B0000E94F19804C0C701B6010E94F0980E9402
:1004C000E899DB0170933E1460933D14A3019201FF
:1004D0000E94B9986093391470933A1480933B1436
:1004E00090933C1420E030E0A9016F8178858985E4
:1004F0009A850E947A9787FF0BC080913D14909156
:100500003E1491958195910990933E1480933D14EA
:10051000C0903D14D0903E140D2C000CEE08FF0846
:100520008B859C85AD85BE85C80ED91EEA1EFB1E37
:10053000C092FF13D0920014E0920114F0920214C2
:1005400020E030E04AEF53E4C501B4010E947A97FD
:1005500018160CF4CFC18090420290904302A090F4
:100560004402B0904502C701B6010E9480976B011A
:100570007C01E0917F11F0918011EE0FFF1FEE0FD3
:10058000FF1FED58FE4E60817181828193810E9430
:1005900080979B01AC01C701B6010E94F0989B01B6
:1005A000AC010E94F19820E030E048E454E40E945D
:1005B00080999058A50194010E9480996B017C015B
:1005C0006093211170932211809323119093241131
:1005D00020E030E040E85FE3C501B4010E947A9773
:1005E00020E030E0A90181110EC0C701B6010E94D0
:1005F000779A181624F0F7FAF094F7F8F0940AE0D6
:1006000012E023E00DC0C701B6010E94779A1816C8
:1006100024F0F7FAF094F7F8F0940AE012E024E0FE
:1006200047E0C701B6010E940D956AE072E08FE2D3
:1006300097E10E94B572C0904314D0904414E090AA
:100640004514F090461420E030E040EA51E4C70140
:10065000B6010E947A9718160CF460C060E086E03C
:100660000E94767527E030E040E050E06FE277E1ED
:10067000CE0101960E94D572CE0101960E94BD75F1
:10068000CE0101960E941673C0902111D0902211C4
:10069000E0902311F090241120E030E0A901C7017F
:1006A000B6010E94779A1816B4F420E030E0A90150
:1006B00060913114709132148091331490913414FC
:1006C0000E947A9718163CF060E085E00E947675EB
:1006D00061E276E01EC020E030E0A901C701B6016A
:1006E0000E947A9787FFF6C020E030E0A901609170
:1006F00031147091321480913314909134140E940B
:10070000779A87FDE7C060E085E00E9476756FEA22
:1007100076E08BE397E10E94D074DCC080902111D9
:1007200090902211A0902311B090241120E030E08D
:10073000A901C501B4010E94779A1816B4F420E00B
:1007400030E0A9016091311470913214809133141A
:10075000909134140E947A9718163CF060E085E07E
:100760000E94767561E276E01EC020E030E0A901CB
:10077000C501B4010E947A9787FF1EC020E030E0D7
:10078000A9016091311470913214809133149091C9
:1007900034140E94779A87FD0FC060E085E00E94C4
:1007A00076756FEA76E08BE397E10E94D07460E0A3
:1007B00084E00E9476758EC020E030E048EC52E480
:1007C000C701B6010E947A97181694F08091120220
:1007D0009091130281309105E1F0892B49F460E09A
:1007E00089E00E94767526E030E043E050E064C086
:1007F00020E030E046E953E4C701B6010E947A9751
:1008000018164CF1809112029091130281309105DB
:1008100039F460E086E00E94767523E030E031C074
:10082000892BC9F460E089E00E94767525E030E00C
:1008300043E050E06FE277E1CE0101960E94D5726D
:10084000CE0101960E94BD75CE0101960E941673DD
:1008500060E089E0AECF20E030E04AEF53E4C7012A
:10086000B6010E947A9718167CF08091120290913E
:100870001302019799F460E086E00E94767522E009
:1008800030E040E050E018C020E030E04AEF53E4B0
:10089000C701B6010E947A971816E4F080911202FF
:1008A00090911302892BB1F460E088E00E94767584
:1008B00024E030E042E050E06FE277E1CE010196C3
:1008C0000E94D572CE0101960E94BD75CE0101969F
:1008D0000E9416738091211190912211A0912311F1
:1008E000B09124118093311490933214A093331457
:1008F000B09334140E94AA780091471410914814C0
:100900002091491430914A14C0903914D0903A146F
:10091000E0903B14F0903C140C0D1D1D2E1D3F1D4E
:1009200068017901C61AD70AE80AF90AD701C6018F
:100930000E949F788091741790917517A0917617F7
:10094000B0917717892B8A2B8B2B11F40C949591EE
:100950008BE397E10E94387562E08BE00E94767528
:100960006AEF77E08BE397E10E94D074FFCF80912C
:10097000391190913A11A0913B11B0913C118093A3
:10098000351190933611A0933711B093381180919F
:100990002D1190912E11A0912F11B0913011F8943A
:1009A00080935B1790935C17A0935D17B0935E17CD
:1009B000789480912D1190912E11A0912F11B091CA
:1009C00030118093311190933211A0933311B09371
:1009D00034118093251190932611A0932711B09381
:1009E00028110E94925E80910F1490911014892B0F
:1009F00099F080919E1390919F13479769F0809191
:100A0000F2119091F311019739F08091F0119091CA
:100A1000F1118C9709F0B8C08091DF139091E01329
:100A2000A091E113B091E2130091DB131091DC135C
:100A30002091DD133091DE13BC01CD01601B710BE1
:100A4000820B930B0E947E979B01AC0160EC71EED0
:100A500084E69CE40E9480990E94E8996B017C01E5
:100A6000161617060CF090C0072E000C880B990B79
:100A70000E94809720E030EC40E055E40E947A9795
:100A800087FF82C08091591490915A149601281BB7
:100A9000390B37FF03C031952195310980915314EB
:100AA00090915414A0915514B091561425313105EC
:100AB0008CF0D0925814C0925714D0925A14C0920D
:100AC000591480934F1490935014A0935114B093E1
:100AD000521424C040914F145091501460915114FD
:100AE00070915214841B950BA60BB70B853C994053
:100AF000A105B1050CF58091571490915814D601B9
:100B0000A81BB90BCD01B7FF03C091958195910941
:100B1000049794F0D0925814C09257140E94077909
:100B200060935314709354148093551490935614F7
:100B30000E944E5F0E94C54B8091531490915414B3
:100B4000A0915514B091561440914F1450915014E7
:100B50006091511470915214841B950BA60BB70B26
:100B6000853C9940A105B1057CF080915714909186
:100B700058142091591430915A142817390721F02C
:100B800090935A14809359140E94FA5A80910F142A
:100B900090911014892B09F00EC281E30E940D7808
:100BA0008C0190938B1180938A110197D9F48091D5
:100BB0008911811117C00E940779C0908511D090CA
:100BC0008611E0908711F0908811DC01CB018C191F
:100BD0009D09AE09BF09893C9105A105B10510F039
:100BE0000C9425920E940779C0908511D0908611AF
:100BF000E0908711F0908811DC01CB018C199D09E0
:100C0000AE09BF098093811190938211A093831143
:100C1000B093841189329105A105B1050CF442C04D
:100C2000012B09F03FC0209189112130D9F5893578
:100C30009240A105B1058CF480917F1190918011B3
:100C400001969093801180937F11039721F4109265
:100C5000801110927F110E94005580918111909116
:100C60008211A0918311B091841189359240A10520
:100C7000B105C4F0E0917F11F0918011EE0FFF1FDC
:100C8000EE0FFF1FED58FE4E8091FF139091001460
:100C9000A0910114B091021480839183A283B38345
:100CA0000E94005580918A118093891183E30E94EC
:100CB0000D788C0190936E1180936D110197D9F48A
:100CC00080916C11811117C00E940779C090681142
:100CD000D0906911E0906A11F0906B11DC01CB01AA
:100CE0008C199D09AE09BF09893C9105A105B10583
:100CF00010F00C9431920E940779C0906811D09046
:100D00006911E0906A11F0906B11DC01CB018C1934
:100D10009D09AE09BF098093641190936511A0935A
:100D20006611B093671189329105A105B1050CF4E4
:100D30005FC0012B09F05CC020916C11213009F0DB
:100D400057C089359240A105B105FCF4809162112C
:100D500090916311019690936311809362110397B0
:100D600021F410926311109262110E940055E091DB
:100D70006211F0916311EE0FFF1FE45AFE4E84E002
:100D800090E0918380830E94B7518091641190918B
:100D90006511A0916611B091671189359240A10546
:100DA000B10534F1E0916211F0916311EE0FFF1F74
:100DB000EE0FFF1FE05BFE4E8091EF139091F0135A
:100DC000A091F113B091F21380839183A283B38336
:100DD0000E940055E0916211F0916311EE0FFF1F28
:100DE000E45AFE4E84E090E0918380830E94B751E4
:100DF00080916D1180936C1182E30E940D788C01BB
:100E000090934B1180934A110197D9F48091491125
:100E1000811117C00E940779C0904511D0904611EA
:100E2000E0904711F0904811DC01CB018C199D092D
:100E3000AE09BF09893C9105A105B10510F00C94DC
:100E40003D920E940779C0904511D0904611E090E4
:100E50004711F0904811DC01CB018C199D09AE09B6
:100E6000BF098093411190934211A0934311B09315
:100E7000441189379105A105B1050CF498C0012BE7
:100E800009F095C020914911213009F090C08935B1
:100E90009240A105B1059CF523E333E34BEC51E40B
:100EA0006091420270914302809144029091450208
:100EB0000E947A97811105C080E090E0A0E8BFE32E
:100EC00004C083E393E3ABECB1E4809342029093DC
:100ED0004302A0934402B09345020E9400550E9431
:100EE000444BE0916211F0916311EE0FFF1FE45A41
:100EF000FE4E84E090E0918380830E94B751809100
:100F0000411190914211A0914311B0914411AC0153
:100F1000BD014955524061097109403B544061058A
:100F20007105B0F4E0916211F0916311EE0FFF1FB3
:100F3000EE0FFF1FEC5EFD4F4091EF135091F01349
:100F40006091F1137091F213408351836283738334
:100F5000AC01BD0149505740610971094F375C40F0
:100F60006105710538F487EE93E090931014809337
:100F70000F140FC080319742A105B10554F062E013
:100F80008BE00E94767563E276E08BE397E10E9446
:100F9000D074E0916211F0916311EE0FFF1FE45ADB
:100FA000FE4E84E090E0918380830E94B75180914F
:100FB0004A118093491180910F1490911014873E2B
:100FC000A3E09A070CF4A8C2873E934009F072C2CE
:100FD00062E080E00E9476756DE276E08BE397E157
:100FE0000E94D07463E080E00E94767562E476E04F
:100FF0008BE397E10E94D07410920E1410920D149E
:101000001092E3131092E4131092E5131092E6137A
:101010001092CE131092CF131092D0131092D113BE
:1010200010920C1410920B1410920A1410920914BE
:1010300010920814109207141092031410920414C2
:1010400010920514109206141092FB131092FC13C8
:101050001092FD131092FE131092F7131092F813D2
:101060001092F9131092FA131092F3131092F413D2
:101070001092F5131092F6131092EB131092EC13DA
:101080001092ED131092EE131092E7131092E813E2
:101090001092E9131092EA131092CD131092CC1310
:1010A00082E090E090933F0280933E021092CB1337
:1010B0001092CA131092C7131092C6131092C51340
:1010C0001092C4131092C3131092C2131092C11342
:1010D0001092C0131092BF131092BE131092BD1342
:1010E0001092BC131092B8131092B9131092BA1345
:1010F0001092BB1381E090E09093410280934002F4
:101100001092B7131092B6131092AE131092AF1341
:101110001092B0131092B1131092AD131092AC1341
:101120001092A8131092A9131092AA131092AB1345
:101130001092A1131092A0131092611410926014D7
:1011400010929F1310929E1363E3C62EDC2C6BE467
:10115000E62E61E4F62EC0923A02D0923B02E09273
:101160003C02F0923D0210929A1310929B1310923F
:101170009C1310929D131092961310929713109235
:1011800098131092991383E090E090933902809322
:101190003802E6E4F3E146EF52E126EA32E186E581
:1011A00092E106E012E16EE673E111921192119262
:1011B0001192DA011D921D921D921D92AD01D9016D
:1011C0001D921D921D921D929D01DC011D921D928A
:1011D0001D921D92CD01D8011D921D921D921D924E
:1011E0008D016E177F0709F71092051210920412F5
:1011F00010920312109202121092FE111092FF111F
:10120000109200121092011280E090E0A8E4B3E482
:101210008093340290933502A0933602B093370244
:1012200080E090E0A0EEB1E4809330029093310230
:10123000A0933202B09333021092FA111092FB1174
:101240001092FC111092FD111092F9111092F811E8
:101250001092F7111092F6111092F5111092F411EC
:101260001092F3111092F2111092F1111092F011EC
:101270001092EF111092EE111092ED111092EC11EC
:1012800080E090E0A0EAB0E480932C0290932D02DD
:10129000A0932E02B0932F021092E8111092E91140
:1012A0001092EA111092EB111092E4111092E511D4
:1012B0001092E6111092E71183E393E3ABECB1E4F3
:1012C0008093280290932902A0932A02B0932B02C4
:1012D0001092DC111092DD111092DE111092DF11CC
:1012E0001092D8111092D9111092DA111092DB11CC
:1012F0001092D4111092D5111092D6111092D711CC
:101300001092D0111092D1111092D2111092D311CB
:101310001092CC111092CD111092CE111092CF11CB
:101320001092C8111092C9111092CA111092CB11CB
:101330001092C4111092C5111092C6111092C711CB
:101340001092C0111092C1111092C2111092C311CB
:101350001092BC111092BD111092BE111092BF11CB
:101360001092B8111092B9111092BA111092BB11CB
:101370001092B7111092B6111092B2111092B311CF
:101380001092B4111092B5111092AE111092AF11CB
:101390001092B0111092B1111092AA111092AB11CB
:1013A0001092AC111092AD111092A9111092A811C7
:1013B00080EF90E0A0E0B0E080936302909364023D
:1013C000A0936502B093660288E290E0A0E0B0E0EE
:1013D00080935F0290936002A0936102B0936202D7
:1013E00080E190E0A0E0B0E08093091790930A17A5
:1013F000A0930B17B0930C1788E090E0909327020E
:10140000809326021092A4111092A5111092A61199
:101410001092A7111092A0111092A1111092A21176
:101420001092A31110929C1110929D1110929E1176
:1014300010929F118CEB92E09093250280932402EE
:1014400008EE13E010932302009322028CE890E050
:10145000909321028093200210929B1110929A1176
:101460001092991110929811109297111092961152
:101470001092951110929411109293111092921152
:10148000109291111092901110928F1110928E1152
:1014900010928D1110928C110E9422540E9446537A
:1014A0001093101400930F1487EE93E090935C1444
:1014B00080935B1480910F1490911014883E934098
:1014C00014F00E947E2780910F1490911014883E92
:1014D00023E092070CF120915B1430915C14821789
:1014E0009307D1F063E085E00E947675E0910F14D8
:1014F000F0911014EE0FFF1FED55F54060817181E2
:101500008BE397E10E94D07480910F149091101496
:1015100090935C1480935B1480910F14909110143D
:10152000019709F05EC680910D1490910E14892BDD
:1015300009F06FC062E080E00E94767567E576E0B2
:101540008BE397E10E94D07463E080E00E9476759F
:101550006CE676E08BE397E10E94D07463E080E074
:101560000E947675E0910B14F0910C14EE0FFF1FA2
:10157000E15EFB4F608171818BE397E10E94D07443
:1015800080910B1490910C140E97BCF461E876E0F6
:101590008BE397E10E94D074E0910B14F0910C144E
:1015A000EE0FFF1FEE0FFF1FE155FC4F60817181B1
:1015B0008281938142E050E024C06FEA76E08BE3C1
:1015C00097E10E94D074E0910B14F0910C14EE0F8F
:1015D000FF1FEE0FFF1FE155FC4F23E333E34BECFE
:1015E00051E460817181828193810E9480999B0185
:1015F000AC0160E070E080E89FE30E94809940E0E9
:1016000050E00E94D17581E090E090930E14809399
:101610000D1480910D1490910E14019711F40E94F5
:101620007E2780910D1490910E14029761F562E06F
:1016300080E00E94767564E876E08BE397E10E9493
:10164000D07463E080E00E9476756CE676E08BE310
:1016500097E10E94D07463E080E00E947675E0918B
:101660000914F0910A14EE0FFF1FE556FC4F60813C
:1016700071818BE397E10E94D07483E090E09093B6
:101680000E1480930D1480910D1490910E140397F5
:1016900011F40E947E2780910D1490910E140497EE
:1016A00009F08BC0E0910914F0910A14EE0FFF1FAE
:1016B000EE0FFF1FED58FC4F20E030E040E850E413
:1016C00060817181828193810E94DF976B017C012F
:1016D000E0910B14F0910C14EE0FFF1FEE0FFF1FA3
:1016E000ED5FFC4F23E333E34BEC51E46081718108
:1016F000828193810E9480999B01AC01C701B60150
:101700000E9480996B017C018090111790901217B4
:10171000A0901317B0901417A50194010E947A9716
:1017200087FF0DC08091071490910814892B39F41C
:1017300081E090E0909308148093071412C0A501F3
:101740009401C701B6010E94779A87FD0AC0809173
:10175000071490910814029721F410920814109223
:10176000071462E080E00E94767569E976E08BE319
:1017700097E10E94D07463E080E00E9476756CE689
:1017800076E08BE397E10E94D07463E080E00E94F2
:101790007675E0910714F0910814EE0FFF1FE350E7
:1017A000FD4F608171818BE397E10E94D07485E0E9
:1017B00090E090930E1480930D1480910D149091ED
:1017C0000E14059711F40E947E2780910D149091BC
:1017D0000E14069709F0BDC080910714909108146B
:1017E000029731F487EE93E09093101480930F14D6
:1017F00062E080E00E94767564E078E08BE397E138
:101800000E94D074C0904202D0904302E090440203
:10181000F090450220E030E040E85FE3C701B60108
:101820000E947A9720910B1430910C14811131C6CB
:10183000220F331F220F331FF901ED5FFC4F608130
:1018400071818281938143E050E00E94D1756DE700
:1018500076E08BE397E10E94D07462E08CE00E9416
:1018600076756EEA76E08BE397E10E94D07462E0D1
:101870008EE00E947675C0904202D0904302E090C4
:101880004402F090450220E030E040E85FE3C70109
:10189000B6010E947A9720910B1430910C14220FFC
:1018A000331F220F331FF901E357FD4F20E030E0D3
:1018B00040E05FE38111FEC5608171818281938187
:1018C0000E94DF9743E050E00E94D17563E080E022
:1018D0000E94767561EB76E08BE397E10E94D0740D
:1018E00063E08CE00E947675C0904202D090430283
:1018F000E0904402F090450220E030E040E85FE3F1
:10190000C701B6010E947A9720910B1430910C14F4
:10191000220F331F220F331FF901ED5FFC4F20917F
:101920000314309104144091051450910614811150
:10193000CCC560817181828193810E94F19843E0DE
:1019400050E00E94D17587E090E090930E14809350
:101950000D1480910D1490910E14079721F40E949C
:101960007E270E94FA5A80910D1490910E140897C8
:10197000D1F462E080E00E9476756EEB76E08BE356
:1019800097E10E94D07463E080E00E94767563ED79
:1019900076E08BE397E10E94D07489E090E0909329
:1019A0000E1480930D1480910D1490910E140997CC
:1019B00011F40E947E2780910D1490910E140A97C5
:1019C000C1F46091FF137091001480910114909103
:1019D00002140E9480976093FB137093FC13809312
:1019E000FD139093FE138BE090E090930E14809380
:1019F0000D1480910D1490910E140B97D1F462E0A8
:101A000080E00E94767568EE76E08BE397E10E94B5
:101A1000D07463E080E00E94767563ED76E08BE33E
:101A200097E10E94D0748CE090E090930E14809324
:101A30000D1480910D1490910E140C9711F40E94C6
:101A40007E2780910D1490910E140D9709F04BC0D4
:101A50006091FF1370910014809101149091021411
:101A60000E9480979B01AC016093F7137093F81369
:101A70008093F9139093FA136091FB137091FC1308
:101A80008091FD139091FE130E94F0986B017C01F0
:101A900020E030E446EC55E40E94779A181654F0A2
:101AA00020E030E444E955E4C701B6010E947A978A
:101AB00087FF13C063E080E00E9476756DEF76E0EB
:101AC0008BE397E10E94D07460ED77E080E090E0D6
:101AD0000E94CF788BE090E002C08EE090E090937F
:101AE0000E1480930D1480910D1490910E140E9786
:101AF000D1F462E080E00E94767562E177E08BE3EA
:101B000097E10E94D07463E080E00E94767563EDF7
:101B100076E08BE397E10E94D0748FE090E09093A1
:101B20000E1480930D1480910D1490910E140F9744
:101B300011F40E947E2780910D1490910E1440970D
:101B4000B9F56091FF137091001480910114909188
:101B500002140E9480976093F3137093F4138093A0
:101B6000F5139093F6132091F7133091F8134091E9
:101B7000F9135091FA130E947A9718169CF063E0BB
:101B800080E00E94767567E277E08BE397E10E9440
:101B9000D07460ED77E080E090E00E94CF788EE036
:101BA00090E002C081E190E090930E1480930D14B8
:101BB00080910D1490910E144197D1F462E080E071
:101BC0000E9476756CE377E08BE397E10E94D07416
:101BD00063E080E00E94767563ED76E08BE397E149
:101BE0000E94D07482E190E090930E1480930D14C3
:101BF00080910D1490910E14429711F40E947E274B
:101C000080910D1490910E144397C1F46091EF13DD
:101C10007091F0138091F1139091F2130E948097CC
:101C20006093EB137093EC138093ED139093EE138A
:101C300084E190E090930E1480930D1480910D1424
:101C400090910E144497D1F462E080E00E94767582
:101C500061E577E08BE397E10E94D07463E080E078
:101C60000E94767563ED76E08BE397E10E94D07475
:101C700085E190E090930E1480930D1480910D14E3
:101C800090910E14459711F40E947E2780910D14B7
:101C900090910E14469709F043C06091EF13709134
:101CA000F0138091F1139091F2130E9480976B01D1
:101CB0007C016093E7137093E8138093E91390938A
:101CC000EA1320E030E048E454E46091EB137091B3
:101CD000EC138091ED139091EE130E94F0989B010C
:101CE000AC01C701B6010E94779A18169CF463E014
:101CF00080E00E94767566E677E08BE397E10E94CC
:101D0000D07460ED77E080E090E00E94CF7884E1CD
:101D100090E002C087E190E090930E1480930D1440
:101D200080910D1490910E14479709F0CCC000914A
:101D30000B1410910C14E0910914F0910A14EE0F99
:101D4000FF1FEE0FFF1FED58FC4FA0910714B0913D
:101D50000814AA0FBB1FAA0FBB1FA358BD4F2D917C
:101D60003D914D915C9160817181828193810E944E
:101D7000DF9720E030E040E850E40E94DF976B01FD
:101D80007C01000F111F000F111FF801ED5FFC4FC8
:101D900023E333E34BEC51E46081718182819381D1
:101DA0000E9480999B01AC01C701B6010E948099F5
:101DB0006093E3137093E4138093E5139093E61319
:101DC000C0901517D0901617E0901717F0901817BD
:101DD000A70196010E94779A181644F4C092E31363
:101DE000D092E413E092E513F092E613F801E15586
:101DF000FC4FC080D180E280F3802091E3133091CA
:101E0000E4134091E5135091E613C701B6010E9417
:101E1000DF974B015C0120E030E041EE53E40E948B
:101E2000779A181634F482E090E090934102809300
:101E3000400220E030E041E654E4C501B4010E94D4
:101E4000779A181684F4A701960160E070E081E6A5
:101E500094E40E9480996093E3137093E413809359
:101E6000E5139093E61362E080E00E9476756BE7DD
:101E700077E08BE397E10E94D0746091E313709157
:101E8000E4138091E5139091E61340E050E00E9446
:101E9000D1756FE776E08BE397E10E94D07463E041
:101EA00080E00E9476756BE877E08BE397E10E9413
:101EB000D074109261141092601488E190E09093B5
:101EC0000E1480930D1480910D1490910E14489768
:101ED00009F076C08091DF139091E013A091E11397
:101EE000B091E2130091DB131091DC132091DD130C
:101EF0003091DE13BC01CD01601B710B820B930B83
:101F0000FDD72BE339E848E85CE30E94DF979B01AB
:101F1000AC0160E074E284E799E40E9480990E9439
:101F2000E8999B017093611460936014695C710976
:101F30006739784008F0D4C29091DA1380915F1429
:101F4000981709F4CDC28091DA1380935F14109230
:101F50005E1410925D14283E33400CF0CBC263E057
:101F600086E00E9476756FE776E08BE397E10E944A
:101F7000D07466E970E080E090E00E94CF7863E082
:101F800087E00E94767580916014909161140E94A0
:101F9000A67680915D1490915E14893E934074F012
:101FA00063E086E00E94767560EA77E08BE397E174
:101FB0000E94D07410925E1410925D140E947E27CD
:101FC00080910D1490910E14499709F07AC0609198
:101FD000601470916114072E000C880B990B90D738
:101FE0006B017C018090E3139090E413A090E513C3
:101FF000B090E61323E333E343E95FE3C501B401A3
:10200000DED79B01AC01C701B6010E94779A181672
:10201000ACF02AE037ED43E85FE36091151770916B
:1020200016178091171790911817C9D79B01AC010B
:10203000C701B6010E94779A18163CF463E080E06D
:102040000E94767565EA77E029C02AE939E949E511
:102050005FE3C501B401B3D79B01AC01C701B60171
:1020600049D787FD15C020E030E040EA50E4609198
:1020700011177091121780911317909114170E94E5
:10208000F0989B01AC01C701B60134D787FF13C09C
:1020900063E080E00E9476756AEB77E08BE397E17E
:1020A0000E94D07460ED77E080E090E00E94CF78ED
:1020B00087E190E002C08AE190E090930E14809353
:1020C0000D1480910D1490910E144A9709F075C06B
:1020D00062E080E10E9476756CE776E08BE397E141
:1020E0000E94D07462E080E00E947675E0910B144B
:1020F000F0910C14EE0FFF1FE15EFB4F60817181C8
:102100008BE397E10E94D07480910B1490910C1492
:102110000E97BCF461E876E08BE397E10E94D074FF
:10212000E0910B14F0910C14EE0FFF1FEE0FFF1F48
:10213000E155FC4F608171818281938142E050E0E2
:1021400024C06FEA76E08BE397E10E94D074E091BF
:102150000B14F0910C14EE0FFF1FEE0FFF1FE15553
:10216000FC4F23E333E34BEC51E4608171818281C6
:1021700093810E9480999B01AC0160E070E080E84F
:102180009FE30E94809940E050E00E94D1756FEC7F
:1021900077E08BE397E10E94D07463E080E00E94D7
:1021A00076756BED77E08BE397E10E94D0748BE15D
:1021B00090E090930E1480930D1480910D149091E3
:1021C0000E144B9731F48CE190E090930E148093B1
:1021D0000D1480910D1490910E144C9711F40E94DF
:1021E0006C5580910F1490911014039711F40E9474
:1021F000041780910F1490911014049711F40E9409
:1022000023020E9481710C941C7B80911F14909179
:1022100020142C01990F66087708B301A2018EE7FC
:1022200097E10E943F750E94AA78609329147093E9
:102230002A1480932B1490932C148091080290916F
:1022400009028130910529F41092090210920802C6
:1022500005C0019690930902809308028091EF13C4
:102260009091F013A091F113B091F2138093191192
:1022700090931A11A0931B11B0931C1180903111EF
:1022800090903211A0903311B090341180922511AA
:1022900090922611A0922711B0922811C0902D146F
:1022A000D0902E14E0902F14F0903014C092171498
:1022B000D0921814E0921914F0921A1484E597E160
:1022C0000E94B72F609331117093321180933311B4
:1022D0009093341115D66F83788789879A87C501C3
:1022E000B4010ED69B01AC016F81788589859A85F2
:1022F00077D7A701960175D76B017C01C301B201A5
:10230000FFD521E030E040E25FE359D69B01AC010C
:10231000C701B60165D760932D1470932E14809376
:102320002F14909330140C94777B80913D149091EE
:102330003E142C01990F66087708B301A2018DE6BF
:1023400097E10E943F750E94AA78609347147093AA
:1023500048148093491490934A14809112029091EA
:1023600013028130910529F4109213021092120287
:1023700005C0019690931302809312028091FF137F
:1023800090910014A0910114B0910214809329112E
:1023900090932A11A0932B11B0932C118090391196
:1023A00090903A11A0903B11B0903C118092351161
:1023B00090923611A0923711B0923811C0904B1400
:1023C000D0904C14E0904D14F0904E14C0923514FF
:1023D000D0923614E0923714F092381480E697E1E8
:1023E0000E94B72F6093391170933A1180933B117B
:1023F00090933C1185D56F83788789879A87C5012B
:10240000B4017ED59B01AC016F81788589859A8561
:10241000E7D6A7019601E5D66B017C01C301B201A5
:102420006FD52FEF3FEF4FE150E4C9D59B01AC01D1
:10243000C701B601D5D660934B1470934C148093AA
:102440004D1490934E140C9463800E94077960930E
:1024500085117093861180938711909388110C9445
:10246000F2850E94077960936811709369118093D7
:102470006A1190936B110C947B860E94077960938C
:1024800045117093461180934711909348110C9415
:102490002187220F331F220F331FF901ED5FFC4FFD
:1024A000A7019601608171818281938129D744E0DF
:1024B00050E0CBC9608171818281938180D5A70171
:1024C00096011ED744E050E0FFC96081718182818E
:1024D000938187D6A701960113D744E050E031CA13
:1024E00080915D1490915E14019690935E14809398
:1024F0005D144FCD63E086E00E94767566E970E07A
:1025000080E090E00E94CF783ECD20E030E046E1D0
:1025100054E4C701B601EBD7181614F40C94B27B3F
:102520000C94C37B20E030E046E154E4C701B601DF
:10253000DED7181614F40C949E800C94AF8020E023
:1025400030E048EC52E4C501B401D4D4181614F4B8
:102550000C94E47C00EC1DE5712CF12C60E070E043
:10256000CB01CED420E030E040E05FE33AD61B015F
:102570002C010C94C67C8B859C85AD85BE85C80ED0
:10258000D91EEA1EFB1EC092EF13D092F013E09208
:10259000F113F092F2130C94C87D20E030E048EC87
:1025A00052E4C501B401A6D4181614F40C94C781E2
:1025B00080EC682E9DE5792E00E010E060E070E090
:1025C000CB019ED420E030E040E05FE30AD61B015F
:1025D0002C010C94AC818B859C85AD85BE85C80E85
:1025E000D91EEA1EFB1EC092FF13D0920014E09287
:1025F0000114F09202140C94AB82823109F466C08B
:10260000B8F4823069F1833009F073C07093AA1472
:102610006093A91484E797E2909352028093510249
:1026200080916A00837F846080936A00ED9A5FC026
:10263000843141F1C8F1853109F05BC07093AC146D
:102640006093AB148FE697E2909354028093530209
:10265000809169008C7F816080936900E89A47C00F
:102660007093A8146093A71489E797E2909350029F
:1026700080934F0280916A008C7F816080936A0012
:10268000EC9A35C07093AE146093AD148AE697E26D
:10269000909356028093550280916900837F8460F5
:1026A00080936900E99A23C07093B0146093AF14CB
:1026B00085E697E2909358028093570280916900D3
:1026C0008F7C806180936900EA9A11C07093B21484
:1026D0006093B11480E697E290935A028093590276
:1026E000809169008F73806480936900EB9A81E028
:1026F000089580E008950F931F93CF93DF93EC012B
:10270000062F142F62E0802F0E94637862E0812FF1
:102710000E946378802F90E0FC01E55FFC4FE4911C
:10272000F0E0EE0FFF1FEF50FD4FA591B491B9837C
:10273000A883FC01EF5AFC4F24912C83812F90E059
:10274000FC01E55FFC4FE491F0E0EE0FFF1FEF505E
:10275000FD4F459154915B834A83FC01EF5AFC4F36
:1027600094919D831F82188619861A86EBE3FFE1F8
:102770003197F1F7EC91E22331E009F430E0DA012E
:10278000EC91E92309F032603E83BE01802F35DFF2
:102790008B87BE01812F31DF9B85890F8B87DF916E
:1027A000CF911F910F91089589E197E10E941673CF
:1027B0008FE197E10E94167385E297E10E941673FC
:1027C0008FE297E10E94167385E397E10C941673EC
:1027D0001F93CF93DF93EBE4F6E11382128288EE2E
:1027E00093E0A0E0B0E084839583A683B78325ECD3
:1027F00035E03183208325EC30E03587248724ECD5
:1028000030E03787268720EC30E0318B208B21ECBD
:1028100030E0338B228B22EC30E0358B248B26EC9E
:1028200030E0378B268B118E128E138E148EE8EECD
:10283000F6E11382128284839583A683B78387EDA2
:1028400095E091838083EEE7F7E18DEF95E091834A
:102850008083128213821482158216821782108658
:10286000118612861486158616861786108AADE69E
:10287000B7E111969C938E9312961C921297139621
:102880001C92139714961C92149715961C921597E8
:1028900016961C92169717961D921D921D921C92C9
:1028A0001A971C961C921C971D961D921D921D92A4
:1028B0001C9250971092071712E0109306178AEF98
:1028C00096E1EC01B983A883FB83EA83E4EFF6E1A8
:1028D00090818181890F8093081743E162E180E64E
:1028E00097E109DF43E062E084E597E104DFEBE391
:1028F000F7E11382128289EE95E091838083108A3A
:102900008FEF87871686118A8FE383871486158653
:102910001286118684E0828B138B81E0848B80E1A8
:10292000858B80E2868B80E4878B80E8808F40E017
:1029300050E063E0CF010E94B97185E397E10E9406
:10294000C5758FE297E10E94C57581EB9FE9ADEBFC
:10295000B6E480932B1790932C17A0932D17B09368
:102960002E1785E297E10E94C5758FE197E10E94DD
:10297000C57589E197E10E94C57580E090E0AEECF5
:10298000B4E48093151790931617A0931717B0937C
:1029900018178FEF9FEFABE7B3E480931117909375
:1029A0001217A0931317B0931417609163027091DC
:1029B00064028091650290916602A2D29B01AC01F3
:1029C00010D420E030E040EA50E49AD401D560937E
:1029D0000D1770930E1780930F1790931017609137
:1029E0005F0270916002809161029091620288D2D0
:1029F0009B01AC01F6D320E030E040EA50E480D403
:102A0000E7D46093091770930A1780930B1790937C
:102A10000C17DF91CF911F910895EF920F931F93A1
:102A2000CF93DF93E80147FD02C034E001C034E1F9
:102A3000042E000C550B57FF03C0519541955109C9
:102A4000E32E022F242FAE0107D0CE01DF91CF91CC
:102A50001F910F91EF9008958F929F92AF92BF9226
:102A6000CF92DF92EF92FF920F931F93CF93DF935A
:102A7000CDB7DEB729970FB6F894DEBF0FBECDBF36
:102A80006A01122FB02E2BE3201720F0FF24F394BD
:102A9000F00E02C02CE3F22E0F2D27E0AE014F5FA7
:102AA0005F4F50D1BC014981842F8970813031F052
:102AB000E1FC06C0E0FE06C090E205C09DE203C056
:102AC0009BE201C090E05E2D507143FF3CC091112C
:102AD00002C083E001C084E0811718F4212F281B75
:102AE00001C020E051110BC0F601822F30E2882393
:102AF00019F031938150FBCFC20ED11C20E09923F5
:102B000029F0D6019C93F60131966F01C601039618
:102B1000E2FE0AC03EE4D6013C9341E411964C9398
:102B2000119712963C9306C03EE6F601308341E6CB
:102B300041833283FC01322F40E2332309F442C047
:102B400041933150FACF42FF44C0911102C083E05B
:102B500001C084E0811718F4212F281B01C020E058
:102B600051110BC0F601822F30E2882319F0319306
:102B70008150FBCFC20ED11C20E0992329F0D60151
:102B80009C93F60131966F01C6010396E2FE0BC0DD
:102B900039E4D6013C933EE411963C93119736E418
:102BA00012963C9307C039E6F60130833EE6318346
:102BB00036E63283FC01322F40E2332319F0419391
:102BC0003150FBCFFC01E20FF11D10828EEF9FEF21
:102BD000A6C021E030E0911102C020E030E01616DE
:102BE00017061CF4FB01319602C0E1E0F0E02E0F65
:102BF0003F1FBB2021F0EB2DF0E0319602C0E0E05A
:102C0000F0E02E0F3F1FE12FF0E02E173F071CF4DE
:102C1000121B212F01C020E08E2D887159F4F6017E
:102C2000822F30E2882319F031938150FBCFC20EFE
:102C3000D11C20E0992329F0D6019C93F60131960E
:102C40006F0151110BC0F601822F90E3882319F018
:102C500091938150FBCFC20ED11C20E00F2D060FA7
:102C60009A81342F307144FF03C0913309F401502D
:102C7000101624F4093018F008E001C001E0AB019F
:102C800077FF02C040E050E0FB01E41BF50BA1E040
:102C9000B0E0AC0FBD1FEA0FFB1F8EE2A82E4B0168
:102CA000801A91080B2D10E01195019511094F3FE5
:102CB000BFEF5B0721F4D601AC9211966D0164174A
:102CC00075072CF08416950614F4818101C080E309
:102CD000415051093196D60111967D014017510797
:102CE00024F0D6018C936701E2CF6417750739F49D
:102CF000963320F4953319F4311101C081E3F601C4
:102D00008083F701822F90E2882319F091938150FC
:102D1000FBCFF701E20FF11D108280E090E02996D1
:102D20000FB6F894DEBF0FBECDBFDF91CF911F91DC
:102D30000F91FF90EF90DF90CF90BF90AF909F905A
:102D40008F900895283008F027E03327DA01990F93
:102D5000311D87FD916000966105710539F432607F
:102D60002E5F3D9330E32A95E1F708959F3F30F0C1
:102D700080387105610509F03C5F3C5F3D939130FF
:102D800008F08068911DDF93CF931F930F93FF92FC
:102D9000EF92192F987F9695E92F96959695E90FC2
:102DA000FF27E053FE4F99273327EE24FF24A70186
:102DB000E70105900894079428F4360FE71EF81EE3
:102DC000491F511D660F771F881F991F0694A1F791
:102DD0000590079428F4E70EF81E491F561FC11DE1
:102DE000770F881F991F661F0694A1F70590079417
:102DF00028F4F80E491F561FC71FD11D880F991FB1
:102E0000661F771F0694A1F70590079420F4490FD9
:102E1000561FC71FD81F990F661F771F881F06945C
:102E2000A9F784911095177041F0D695C7955795DD
:102E30004795F794E7941A95C1F7E6E7F1E06894AF
:102E40001590159135916591959105907FE2739557
:102E5000E118F10A430B560BC90BD009C0F7E10C7E
:102E6000F11E431F561FC91FD01D7EF4703311F48D
:102E70008A95E6CFE894015030F0080F0AF4002755
:102E8000021708F4202F2395022F7A3328F079E3D4
:102E90007D932A95E9F710C07D932A9589F60694CB
:102EA00097956795379517951794E118F10A430B95
:102EB000560BC90BD00998F023957E9173957A3300
:102EC00008F070E37C932013B8F77E9170617D93D6
:102ED00030F0839571E37D9370E32A95E1F7112437
:102EE000EF90FF900F911F91CF91DF91992787FD70
:102EF0009095089540D008F481E00895E89409C0C1
:102F000097FB3EF490958095709561957F4F8F4F1C
:102F10009F4F9923A9F0F92F96E9BB279395F69532
:102F2000879577956795B795F111F8CFFAF4BB0FB0
:102F300011F460FF1BC06F5F7F4F8F4F9F4F16C014
:102F4000882311F096E911C0772321F09EE8872F9E
:102F5000762F05C0662371F096E8862F70E060E05A
:102F60002AF09A95660F771F881FDAF7880F9695D3
:102F7000879597F90895990F0008550FAA0BE0E877
:102F8000FEEF16161706E807F907C0F0121613062B
:102F9000E407F50798F0621B730B840B950B39F46B
:102FA0000A2661F0232B242B252B21F408950A26D1
:102FB00009F4A140A6958FEF811D811D08950BD0C6
:102FC00078C069D028F06ED018F0952309F05AC067
:102FD0005FC01124A2C07ED0A0F3959FD1F3950FBE
:102FE00050E0551F629FF001729FBB27F00DB11D8D
:102FF000639FAA27F00DB11DAA1F649F6627B00D1D
:10300000A11D661F829F2227B00DA11D621F739F05
:10301000B00DA11D621F839FA00D611D221F749F13
:103020003327A00D611D231F849F600D211D822F5A
:10303000762F6A2F11249F5750408AF0E1F08823A1
:103040004AF0EE0FFF1FBB1F661F771F881F9150AE
:103050005040A9F79E3F510570F014C05EC05F3F1D
:10306000ECF3983EDCF3869577956795B795F795E1
:10307000E7959F5FC1F7FE2B880F911D9695879569
:1030800097F9089597F99F6780E870E060E00895E8
:103090009FEF80EC089500240A9416161706180670
:1030A0000906089500240A9412161306140605064C
:1030B0000895092E0394000C11F4882352F0BB0FDD
:1030C00040F4BF2B11F460FF04C06F5F7F4F8F4F40
:1030D0009F4F089557FD9058440F551F59F05F3F7B
:1030E00071F04795880F97FB991F61F09F3F79F02A
:1030F00087950895121613061406551FF2CF4695AC
:10310000F1DF08C0161617061806991FF1CF86952D
:103110007105610508940895E894BB276627772711
:10312000CB0197F90895052E97FB16F400940FD064
:1031300057FD05D024D007FC02D046F408C05095B6
:103140004095309521953F4F4F4F5F4F0895909593
:103150008095709561957F4F8F4F9F4F089531D027
:10316000A59F900DB49F900DA49F800D911D1124DB
:103170000895B7FFF4CFF3DF821B930B0895A1E20C
:103180001A2EAA1BBB1BFD010DC0AA1FBB1FEE1FE1
:10319000FF1FA217B307E407F50720F0A21BB30B2C
:1031A000E40BF50B661F771F881F991F1A9469F7A8
:1031B00060957095809590959B01AC01BD01CF0104
:1031C0000895A29FB001B39FC001A39F700D811D00
:1031D0001124911DB29F700D811D1124911D089520
:1031E0005058BB27AA270ED064CF55DF30F05ADFE6
:1031F00020F031F49F3F11F41EF44ACF0EF4E09515
:10320000E7FB40CFE92F66DF80F3BA176207730749
:103210008407950718F071F49EF57ECF0EF4E095C3
:103220000B2EBA2FA02D0B01B90190010C01CA0180
:10323000A0011124FF27591B99F0593F50F4503E2B
:1032400068F11A16F040A22F232F342F4427585F1D
:10325000F3CF469537952795A795F0405395C9F735
:103260007EF41F16BA0B620B730B840BBAF09150ED
:10327000A1F0FF0FBB1F661F771F881FC2F70EC08C
:10328000BA0F621F731F841F48F48795779567955F
:10329000B795F7959E3F08F0B3CF9395880F08F048
:1032A0009927EE0F979587950895DF93DD27B92F1E
:1032B000BF7740E85FE31616170648075B0710F470
:1032C000D92F19D19F938F937F936F9363D1E8E0A8
:1032D000F1E0AFD0EEDE2F913F914F915F917BDE19
:1032E000DD2349F09058A2EA2AED3FE049EC5FE384
:1032F000D0785D2787DFDF91DCCEC1D0E395E6C0D3
:103300000CD0D7CECFDE40F0C6DE30F021F45F3FE8
:1033100019F0B8CE511101CFBBCEDCDE98F3992362
:10332000C9F35523B1F3951B550BBB27AA27621789
:103330007307840738F09F5F5F4F220F331F441FCE
:10334000AA1FA9F333D00E2E3AF0E0E830D0915006
:103350005040E695001CCAF729D0FE2F27D0660FF3
:10336000771F881FBB1F261737074807AB07B0E832
:1033700009F0BB0B802DBF01FF2793585F4F2AF048
:103380009E3F510568F07ECEC8CE5F3FECF3983E7D
:10339000DCF3869577956795B795F7959F5FC9F7A5
:1033A000880F911D9695879597F90895E1E0660F2E
:1033B000771F881FBB1F621773078407BA0720F0A7
:1033C000621B730B840BBA0BEE1F88F7E095089510
:1033D00004D06894B111A1CE089584DE88F09F577F
:1033E00090F0B92F9927B751A0F0D1F0660F771F51
:1033F000881F991F1AF0BA95C9F712C0B13081F031
:103400008BDEB1E0089588CE672F782F8827B85FCC
:1034100039F0B93FCCF3869577956795B395D9F791
:103420003EF490958095709561957F4F8F4F9F4F9B
:103430000895DF93CF931F930F93FF92EF92DF9244
:103440007B018C01689405C0DA2EEF01C4DDFE011A
:10345000E894A5912591359145915591AEF3EF01F1
:10346000D1DEFE019701A801DA9479F7DF90EF90A1
:10347000FF900F911F91CF91DF91089509CE32DE19
:10348000E8F3E894E0E0BB279F57F0F02AED3FE037
:1034900049EC06C0EE0FBB0F661F771F881F28F090
:1034A000B23A62077307840728F0B25A620B730BB3
:1034B000840BE3959A9572F7803830F49A95BB0F98
:1034C000661F771F881FD2F790488DC0EF93E0FFEB
:1034D00006C0A2EA2AED3FE049EC5FEB93DEE9DDAE
:1034E0000F90039401FC9058E5E3F1E08FC043DDB9
:1034F00008F48FEF08959B01AC0160E070E080E874
:103500009FE3FECE9F93BBDF0F9007FCEE5FDECF05
:1035100011F40EF4BDCD65C0E5DDD0F39923D9F3E8
:10352000CEF39F57550B87FF6AD00024A0E640EAF0
:10353000900180585695979528F4805C660F771F08
:10354000881F20F026173707480730F4621B730BDB
:10355000840B202931294A2BA695179407942025FE
:1035600031254A2758F7660F771F881F20F0261746
:103570003707480730F4620B730B840B200D311DA5
:10358000411DA09581F7B901842F9158880F969518
:10359000879508959B01AC0112CDDF93D92F6FDF82
:1035A000E695D7952AED3FE049E45FE3B33A620739
:1035B000730784079507D7952AF0A2EA49EC90682B
:1035C00021DE77DDE3E5F1E021D0DD0F0BF093DFC5
:1035D000DD0F0BF49058DF910895CDDC880B990B2B
:1035E00008959F3F31F0915020F487957795679526
:1035F000B795880F911D9695879597F908959150E5
:103600005040660F771F881FD2F708959F938F93BE
:103610007F936F93FF93EF939B01AC01D0DCEF910D
:10362000FF9107DF2F913F914F915F91C8CCDB0154
:103630008F939F9394DDBF91AF91A29F800D911DB9
:10364000A39F900DB29F900D11240895EE0FFF1FC0
:10365000881F8BBF0790F691E02D19940F931F934D
:10366000CF93DF938230910510F482E090E0E091F7
:10367000E517F091E61720E030E0A0E0B0E03097E9
:1036800019F1408151810281138148175907C8F00F
:103690008417950769F4109731F012960C931297DE
:1036A00013961C9327C00093E5171093E61722C0CA
:1036B0002115310519F04217530718F49A01BD017D
:1036C000EF01DF01F801DBCF21153105F9F0281BEF
:1036D000390B2430310580F48A819B816115710595
:1036E00021F0FB019383828304C09093E6178093BB
:1036F000E517FE01329644C0FE01E20FF31F8193ED
:10370000919322503109398328833AC02091E317DD
:103710003091E417232B41F42091690230916A0221
:103720003093E4172093E3172091670230916802E9
:103730002115310541F42DB73EB740916B025091F0
:103740006C02241B350BE091E317F091E417E217AC
:10375000F307A0F42E1B3F0B2817390778F0AC01B4
:103760004E5F5F4F2417350748F04E0F5F1F509391
:10377000E4174093E3178193919302C0E0E0F0E0F7
:10378000CF01DF91CF911F910F910895CF93DF93D8
:10379000009709F481C0FC01329713821282A09134
:1037A000E517B091E617109781F420813181820FDF
:1037B000931F2091E3173091E4172817390751F52B
:1037C000F093E417E093E31767C0ED0120E030E0E9
:1037D000CE17DF0740F44A815B819E0141155105F8
:1037E000F1F0EA01F5CFD383C28340815181840F88
:1037F000951FC817D90759F488819981840F951F9F
:103800000296918380838A819B8193838283211591
:10381000310529F4F093E617E093E5173DC0E9017F
:10382000FB83EA8349915991C40FD51FEC17FD071B
:1038300061F480819181840F951F0296E90199833B
:103840008883828193819B838A83E0E0F0E01296F3
:103850008D919C911397009719F0FD01DC01F7CF32
:103860008D919C9111979D012E5F3F4F820F931F69
:103870002091E3173091E4172817390769F430973E
:1038800029F41092E6171092E51702C013821282F3
:10389000B093E417A093E317DF91CF9108956F924F
:1038A0007F928F929F92AF92BF92CF92DF92EF92D0
:1038B000FF920F931F93CF93DF93009781F4CB0177
:1038C000DF91CF911F910F91FF90EF90DF90CF90FC
:1038D000BF90AF909F908F907F906F90BFCEFC0174
:1038E000E60FF71F9C0122503109E217F30708F495
:1038F000A5C0EC01D9010D911C911197061717076E
:10390000A8F00530110508F497C0C8010497861780
:10391000970708F491C002501109061B170B019379
:1039200011936D937C93CF0131DF86C05B01A01AA8
:10393000B10A4C01800E911EA091E517B091E617D7
:10394000612C712CE12CF12C109709F446C08D915B
:103950009C911197A815B905B1F56C0142E0C40E10
:10396000D11CCA14DB0478F14C018A189B0864014D
:1039700042E0C40ED11C1296BC9012971396AC91E3
:10398000B5E0CB16D10440F0B282A383918280824D
:10399000D9016D937C9309C00E5F1F4F800F911F5B
:1039A000F90191838083EB2DFA2FE114F10431F0BA
:1039B000D7011396FC93EE9312973EC0F093E6174F
:1039C000E093E51739C06816790608F43C017D01DB
:1039D00012960D90BC91A02DB7CF8091E3179091D6
:1039E000E41788169906E1F466167706C8F4809104
:1039F000670290916802009741F48DB79EB740919D
:103A00006B0250916C02841B950BE817F907B0F418
:103A1000F093E417E093E317F901718360830CC01E
:103A2000CB011CDE7C01009749F0A801BE011BD030
:103A3000CE01ACDEC70104C0CE0102C080E090E040
:103A4000DF91CF911F910F91FF90EF90DF90CF907A
:103A5000BF90AF909F908F907F906F90089581E07E
:103A600090E0F89410C0FB01DC0102C001900D92BF
:103A700041505040D8F70895FB01DC0101900D92B0
:103A80000020E1F7089511E0C0EFD1E000E005C0AB
:103A9000802FFE01DBDD2196011DC13FD10780E0B3
:083AA0000807B1F7F894FFCF0D
:103AA8002020302E3030300001002020302E3030E1
:103AB800300001003F420F003F420F003F420F001D
:103AC8008C00E803BC0208003333CB410000A0405F
:103AD8000000204201007043030033334B410200D1
:103AE80001000000803F010200D007D007D0078105
:103AF800708170817081708170817081708170288F
:103B0800000000F00000000000E7178000320033DA
:103B18000031000A081A082A083A084A08000080F2
:103B28003F0000204000C079448FC25D417B14AE45
:103B38003D5C8FC23DCDCCCC3D8716D93D295C0F6D
:103B48003E9A99193EEC51383E8716593EFCA971A8
:103B58003E14AE873E295C8F3E1F85AB3E0000C0F9
:103B68003E9A99D93EBF0E1C3EBF0E1C3EE5443B13
:103B78003E82AD523E9548623E807D743E0EF3858E
:103B88003E98C08D3E3541943EAB5B9D3E0DC3A72C
:103B98003E48C4B43E6F12C33E5A47D53E5A0862E7
:103BA800086A0891EDC43FEE7CF73F1F851B40F87B
:103BB800533B40AC1C7A40FED49C40BA49BC4046BA
:103BC800B6FB409A991D4104563D41E9267D41F2D4
:103BD800529E41B21DBE4142E0ED41D0275A4018E5
:103BE80021824070B196409B03C7402C7DF9402B41
:103BF800F6154159232F41226048411FA261411BFC
:103C0800E47A413EB996416E00B0410545C9419AF2
:103C18007CE241000078420000D8410000D8410011
:103C280000A8410000704100007041000098410068
:103C3800009841000040410000FA4272087C088662
:103C48000890089A08A408AE08B808C208CC083337
:103C580033B33ECDCCCC3E6666E63E0000003F3333
:103C680033333FCDCC4C3F0000803F0000A03F00E5
:103C780000C03F0000E03F0000004000002040007E
:103C88000040400000604033334B3F33334B3F75B7
:103C980077873F5C8FA23F499FB43F3333CB3F8642
:103CA8003AE83FA017FA3F7977074026C813405CE7
:103CB8008F2240499F344033334B40823A6840D684
:103CC80008DB08E008E508EA08EF08F408F908FE48
:103CD80008030908090D09120917091C091F0922F7
:103CE8000926092A092F09330938093C09410945D8
:103CF8000949094D094F099E0DB30DC80DDD0D0881
:103D0800002506813D4C37893D7368913D9A999904
:103D18003DEC51B83D5C8FC23D4260E53DFCA9F1E8
:103D28003D022B073E9A99193E0AD7233E7B142E53
:103D38003ECDCC4C3E8716593E5DA7913D0EDB9695
:103D48003DD2A9AB3D9678C03DA913D03D6DE2E4C4
:103D58003D807DF43D4A0C023EFB3F073E840D0F3B
:103D68003EE674193E48DC233E83DD303EE5443BA5
:103D78003E0000000000000000000000001E16EADF
:103D88003E1E16EA3EBF0E1C3FBF0E1C3FD1913CA3
:103D98003F4A0C823F4A0C823FD34D923FE5D0B256
:103DA8003F5BD3CC3F71AC0340BF0E1C3FBF0E1C22
:103DB8003FD1913C3FD1913C3FA913503F4A0C82DF
:103DC8003F4A0C823FD34D923FE5D0B23FE5D0B297
:103DD8003FE5D0B23F5BD3CC3F1E16EA3F71AC0340
:103DE800409E0DB610DD0DCB10AE47A93F0000D8A0
:103DF8003F8FC209401F8527408D975E406F128D07
:103E0800407593A840643BE34017D90E4162102CDB
:103E180041F8536941F4FD91415839AF41448BDC75
:103E280041BEC13B4050C765404F408240E162AE51
:103E380040950EDE404E7A0641466B1D41204135C5
:103E48004129E84C412B416441103A8A41511AA258
:103E580041569AB9418290D0410040145400401014
:103E6800500000000014718270AC706071DD70BB8E
:103E780070CF70000000005E6D326D8D6D066D2A8A
:103E88006D166D076D00000000CD7182708D6D8C10
:103E98006D1072B971F771DA71000000009D6DA4A0
:103EA8006D906D646E0000704300C000455354412E
:103EB80052543A000D0A0058203D005A203D004D4A
:103EC800002B002020205A2D53544F500053656C6E
:103ED800656374204D6F64652C2042333A4F4B2044
:103EE80020004D6F64653D202020202020202020C8
:103EF80020202020202000546872656164205369C6
:103F08007A653F202020202020202000202020200B
:103F18002020202020202020202020202020202099
:103F28000078200050617274204D61746572696177
:103F38006C3F2020202020200043757474696E6730
:103F480020546F6F6C204D61746C3F2020002B2D26
:103F5800004D656173757265643F203D20005365AF
:103F6800742058204333393120746F6F6C204020FF
:103F78004F44004233207768656E20646F6E652079
:103F88002020202020202000536574205820546FC2
:103F98006F6C20546970206F6E204F44002A546F54
:103FA8006F6C205469702047656F6D2E204E4F4B03
:103FB8002000536574205820526574726163742020
:103FC800506F73202020002A582052657472616354
:103FD80074204E4F4B202020202020005365742051
:103FE8005A203C2D20456E6420506F7320202020DD
:103FF80000536574205A202D3E205374617274203A
:10400800506F732020002A5A205374617274204E16
:104018004F4B20202020202020200053657420535F
:1040280070696E646C6520746F200052504D203D9D
:1040380020202020202042333A41636365707400B9
:10404800202020300052504D20746F6F206869671F
:104058006821212120202020200052504D20746FFB
:104068006F206C6F77212121202020202020002024
:104078006973205265616479202000456E67616725
:10408800652048616C66204E75742E2E2E20200007
:1040980045523A205A2D4D74720045523A20582DF7
:1040A8004D7472004F44203D20005374616E64616A
:1040B8007264204665656420200045787465726ED8
:1040C800616C2054687265616400496E7465726E33
:1040D800616C205468726561640050726F66696C27
:1040E800652028546170657229005261646975738E
:1040F8002028537068657265290048535320202092
:104108002000436172626964650045786974202003
:104118002000416C756D696E756D20004272617387
:1041280073202020200053746C204C6F77432000AC
:1041380053746C204D656443200053746C204869A7
:1041480067684300537461696E6C657373004361FB
:1041580073742049726F6E00436F7070657220200F
:104168002000546974616E69756D200044656C7235
:10417800696E202020004D312E36004D322020005F
:104188004D322E35004D332020004D342020004D77
:10419800352020004D362020004D382020004D319C
:1041A8003020004D313220004D313620004D323064
:1041B80020004D323420004D3330200023360023B8
:1041C800380023313000312F3400352F3136003399
:1041D8002F3800372F313600312F3200392F313642
:1041E80000352F3800332F3400372F380031003195
:1041F8002E312F380043686F6F736520417263203A
:10420800547970653A202020200054797065203D4B
:1042180020496E7465726E616C205261642000548E
:10422800797065203D2045787465726E616C205206
:104238006164200043686F6F736520496E7365720F
:104248007420547970653A200054797065203D20B7
:10425800526F756E64202020202020202000547981
:104268007065203D204469616D6F6E642028616E21
:104278007929004D6561737572656420696E73658F
:1042880072742073697A6500526F756E64204F44AA
:10429800284943293D20202020202020004E6F73EC
:1042A8006520526164697573203D202020202020FC
:1042B80020004D6F766520583A20546F756368204A
:1042C800414E59204F44004D6561737572656420F5
:1042D8004F443D2020202020202020004D6F76656F
:1042E800205A3A2053657420546F6F6C206F6E20EB
:1042F80000464143452074616E67656E7420746F93
:104308002061726320004D6F766520583A2053650E
:104318007420546F6F6C206F6E20006D617820538D
:10432800544F434B204F4420746F20637574200012
:104338004D6F7665205A3A20544C20636E74722073
:10434800746F20200072616420636E74723A205288
:1043580061643D202020202020004D696E206D6F73
:104368007665202020202020202072657164004D71
:10437800696E204469612040204172632046696E5D
:10438800697368004D61782044696120402041725A
:104398006320537461727420004469616D657465AB
:1043A80072203D2020202020202020202000416451
:1043B800642070726F66696C6520616C6F6E67202F
:1043C8004F44005A20457874656E73696F6E3D20BE
:1043D800202020202020200020204E6F6E65200005
:1043E80041646420657874726120666163696E67F0
:1043F800204F702E005820457874656E73696F6E73
:104408003D20202020202020200043726561746513
:104418002044756D6262656C6C204469616D004969
:104428006E6E6572204469616D3D20202020202039
:1044380020202000456E74657220526F7567686988
:104448006E6720442E4F2E43004465707468203DEB
:104458002020202020202020202020202000456E01
:104468007465722046696E69736820442E4F2E4326
:104478002E20005365742052504D20262046656535
:10448800642052617465200052504D3D2020202048
:10449800202049504D3D20202020202000526164DA
:1044A8006975732069732072656164792020202002
:1044B80020002D2D2D2D2D2D2D2D00526164697577
:1044C800732052756E2F42333A5061757365200020
:1044D8004D6F76696E6720746F2073746172742EE5
:1044E8002E2E20200052652D456E67616765204895
:1044F800616C66204E75742E2E00506173732020F7
:104508002020206F662020202020202020200061ED
:10451800726344707468437574583D200061726317
:1045280052756E537472743D200061726352756ED9
:104538005261643D200061726352756E456E643D40
:104548002000526561647920666F722046696E6941
:1045580073682020202000526164697573205275A9
:104568006E202D2046696E69736820005370726949
:104578006E67205061737320202020202020202087
:1045880000446F6E653A2053656C656374206E65F0
:104598007874204F70004E6F7420617661696C6189
:1045A800626C652079657420202000546F67676C01
:1045B800652048616C664E757420616761696E009C
:1045C800536869667420526164204C6566742020C3
:1045D8003C3D202000536869667420526164205273
:1045E80069676874203D3E202000496E66656564F1
:1045F800203D202020202020202020202020004393
:104608007574205261642044656570657220205E6F
:10461800202020004F6666736574203D20202020EE
:1046280020202020202020200041646A75737420F7
:1046380050617373202020202020202020003D3E40
:104648002045786974202020202020202020202048
:104658002020003D3E2041646A75737420526164D5
:1046680069757320506F73003D3E204D6972726FFB
:10467800722045787420526164697573003D3E204C
:10468800537072696E672050617373202020202058
:10469800200053657420546F6F6C206F6E20737404
:1046A8006F636B204F440053746F636B204F44203B
:1046B8003D202020202020202020200052657472D8
:1046C800616374204E4F4B2020203E2031206D6DB9
:1046D800002320706F696E7473206F6E2070726F84
:1046E80066696C653F00203D202020202020202086
:1046F800202020202020202020200044697265638B
:1047080074696F6E206F66204375743F2020200007
:104718005269676874202D3E204177617920537073
:104728006E646C20004C65667420203C2D20496E18
:10473800746F2053706E646C2000536574205A2087
:1047480020204178697320506F732E202020002686
:1047580020456E746572204F44203D202020202083
:10476800202020005A20506F73204E4F4B3A2020B3
:104778002020202020202020002D3E20526967681C
:1047880074003C2D204C65667420004475706C697B
:104798006361746520506E742121204E4F4B2000B8
:1047A80050726F66696C65206973207265616479FF
:1047B80020202020004572726F7220556E6B3A30AF
:1047C800312020202020202020004572726F722086
:1047D800556E6B3A30322020202020202020005AAD
:1047E80065726F20416E6720466F756E64202D20BC
:1047F8004E4F4B004572726F7220556E6B3A3033D4
:1048080020202020202020200050726F66696C65CF
:104818002052756E2F42333A50617573650050729D
:104828006F66696C652052756E202D2046696E6929
:104838007368002A204D6F6465206E6F742061765E
:1048480061696C61626C650052504D203D202020EA
:104858002020202020200049504D203D20202020CD
:104868002020202020202020202020002A534554CA
:104878002A00204E6F742053657400202B2B2B3E8A
:104888003E3E20005468726561642053637261740F
:10489800636820506173732000436865636B205020
:1048A80069746368204F4B2C207468656E00746FC0
:1048B80067676C652048616C664E75742061676136
:1048C800696E002020202020546872656164696E3A
:1048D800673A202020202000506173732020202078
:1048E8006F6620202020202020202020005573657E
:1048F8002077697265203D20202020202020206D0F
:104908006D004D69633D20202020202020202B2D84
:10491800202020202020005365742041646A75738C
:104928007465642044657074682E2E0052414449B1
:10493800414C20696E666565643D2020202020205A
:104948000041646A7573742044657074682050610E
:104958007373202020003D3E204D6561737572659C
:10496800206F7665722077697265003D3E2041644C
:104978006A757374204465707468202020202000B4
:1049880041646A7573742E2E2E2020444F433D20B7
:1049980020202020006E616E00696E66006F7666CA
:0249A80000000D
:00000001FF
